country,country_long,name,gppd_idnr,capacity_mw,latitude,longitude,primary_fuel,other_fuel1,other_fuel2,other_fuel3,commissioning_year,owner,source,url,geolocation_source,wepp_id,year_of_capacity_data,generation_gwh_2013,generation_gwh_2014,generation_gwh_2015,generation_gwh_2016,generation_gwh_2017,generation_gwh_2018,generation_gwh_2019,generation_data_source,estimated_generation_gwh_2013,estimated_generation_gwh_2014,estimated_generation_gwh_2015,estimated_generation_gwh_2016,estimated_generation_gwh_2017,estimated_generation_note_2013,estimated_generation_note_2014,estimated_generation_note_2015,estimated_generation_note_2016,estimated_generation_note_2017
ARG,Argentina,ATUCHA I,ARG0000029,370.0,-33.9670,-59.2059,Nuclear,,,,1974.0,NASA,Ministerio de Energía y Minería,http://energia3.mecon.gov.ar/contenidos/archivos/Reorganizacion/informacion_del_mercado/publicaciones/mercado_electrico/estadisticosectorelectrico/2015/A1.POT_GEN_COMB_POR_CENTRAL_2015.xlsx,Ministerio de Energía y Minería,1013180,2015,,,,,,,,,,,,,1303.91,NO-ESTIMATION,NO-ESTIMATION,NO-ESTIMATION,NO-ESTIMATION,CAPACITY-FACTOR-V1
ARG,Argentina,ATUCHA II,ARG0000030,745.0,-33.9674,-59.2045,Nuclear,,,,2014.0,NASA,Ministerio de Energía y Minería,http://energia3.mecon.gov.ar/contenidos/archivos/Reorganizacion/informacion_del_mercado/publicaciones/mercado_electrico/estadisticosectorelectrico/2015/A1.POT_GEN_COMB_POR_CENTRAL_2015.xlsx,Ministerio de Energía y Minería,1101851,2015,,,,,,,,,,,,,2625.45,NO-ESTIMATION,NO-ESTIMATION,NO-ESTIMATION,NO-ESTIMATION,CAPACITY-FACTOR-V1
ARG,Argentina,EMBALSE,ARG0000112,648.0,-32.2316,-64.4422,Nuclear,,,,1984.0,NASA,Ministerio de Energía y Minería,http://energia3.mecon.gov.ar/contenidos/archivos/Reorganizacion/informacion_del_mercado/publicaciones/mercado_electrico/estadisticosectorelectrico/2015/A1.POT_GEN_COMB_POR_CENTRAL_2015.xlsx,Ministerio de Energía y Minería,1013181,2015,,,,,,,,,,,,,2283.62,NO-ESTIMATION,NO-ESTIMATION,NO-ESTIMATION,NO-ESTIMATION,CAPACITY-FACTOR-V1
ARM,Armenia,Armenian-2,WRI1019028,375.0,40.1805,44.1498,Nuclear,,,,1980.0,Armenian Nuclear Power Company,IAEA,https://www.iaea.org/PRIS/CountryStatistics/ReactorDetails.aspx?current=2,GEODB,1010334,,,,,,,,,,,,,,2411.04,NO-ESTIMATION,NO-ESTIMATION,NO-ESTIMATION,NO-ESTIMATION,CAPACITY-FACTOR-V1
AUS,Australia,Mortons Lane Wind Farm,AUS0000492,20.0,-37.8413,142.4653,Wind,,,,,China Guangdong Nuclear Wind Energy Company,Australian Renewable Energy Mapping Infrastructure,https://www.nationalmap.gov.au/,Australian Renewable Energy Mapping Infrastructure,,,33.20027777777778,68.94027777777778,62.304722222222225,61.166666666666664,60.945277777777775,64.5575,,Australia Clean Energy Regulator,,,,,52.31,NO-ESTIMATION,NO-ESTIMATION,NO-ESTIMATION,NO-ESTIMATION,CAPACITY-FACTOR-V1
BEL,Belgium,DOEL 4,WRI1002223,2910.0,51.3254,4.2597,Nuclear,,,,1985.0,,ELIA Belgian Grid Operator,http://publications.elia.be/upload/ProductionParkOverview.html?TS=20120416193815,GEODB,1014413,,,,11719.536,22325.129,20680.324,,,JRC-PPDB-OPEN,,,,,20203.97,NO-ESTIMATION,NO-ESTIMATION,NO-ESTIMATION,NO-ESTIMATION,CAPACITY-FACTOR-V1
BEL,Belgium,TIHANGE 1N,WRI1002275,962.0,50.5342,5.2751,Nuclear,,,,1975.0,,ELIA Belgian Grid Operator,http://publications.elia.be/upload/ProductionParkOverview.html?TS=20120416193815,GEODB,1014440,,,,3035.773,1344.215,1775.314,,,JRC-PPDB-OPEN,,,,,6679.11,NO-ESTIMATION,NO-ESTIMATION,NO-ESTIMATION,NO-ESTIMATION,CAPACITY-FACTOR-V1
BEL,Belgium,TIHANGE 3,WRI1002277,2053.8,50.5342,5.2751,Nuclear,,,,1985.0,,ELIA Belgian Grid Operator,http://publications.elia.be/upload/ProductionParkOverview.html?TS=20120416193815,GEODB,1014440,,,,,17406.991,17895.761,,,JRC-PPDB-OPEN,,,,,14259.42,NO-ESTIMATION,NO-ESTIMATION,NO-ESTIMATION,NO-ESTIMATION,CAPACITY-FACTOR-V1
BRA,Brazil,Almirante Álvaro Alberto - Unidade I (Antiga Angra I),BRA0000100,640.0,-23.0087,-44.4574,Nuclear,,,,1985,,Agência Nacional de Energia Elétrica (Brazil),http://www2.aneel.gov.br/aplicacoes/capacidadebrasil/capacidadebrasil.cfm,Agência Nacional de Energia Elétrica (Brazil),,2017,,,,,,,,,,,,,4885.04,NO-ESTIMATION,NO-ESTIMATION,NO-ESTIMATION,NO-ESTIMATION,CAPACITY-FACTOR-V1
BRA,Brazil,Almirante Álvaro Alberto - Unidade II (Antiga Angra II),BRA0000101,1350.0,-23.0072,-44.4588,Nuclear,,,,2000,,Agência Nacional de Energia Elétrica (Brazil),http://www2.aneel.gov.br/aplicacoes/capacidadebrasil/capacidadebrasil.cfm,Agência Nacional de Energia Elétrica (Brazil),,2017,,,,,,,,,,,,,10304.38,NO-ESTIMATION,NO-ESTIMATION,NO-ESTIMATION,NO-ESTIMATION,CAPACITY-FACTOR-V1
BGR,Bulgaria,KOZLODUY,WRI1008053,2000.0,43.7438,23.7723,Nuclear,,,,,,ENTSOE,https://transparency.entsoe.eu/generation/r2/installedCapacityPerProductionUnit/show,WRI,1023679,,,,15380.788,,,,,JRC-PPDB-OPEN,,,,,15544.99,NO-ESTIMATION,NO-ESTIMATION,NO-ESTIMATION,NO-ESTIMATION,CAPACITY-FACTOR-V1
CAN,Canada,Bruce A,CAN0002030,3220.0,44.3391,-81.5747,Nuclear,,,,,Bruce Power LP,Natural Resources Canada,http://ftp.maps.canada.ca/pub/nacei_cnaie/energy_infrastructure/PowerPlantsAllGE100MW_NorthAmerica_201708.xlsx,Natural Resources Canada,,2017,,,,,,,,,,,,,22424.45,NO-ESTIMATION,NO-ESTIMATION,NO-ESTIMATION,NO-ESTIMATION,CAPACITY-FACTOR-V1
CAN,Canada,Bruce B,CAN0002031,3390.0,44.3190,-81.6027,Nuclear,,,,,Bruce Power LP,Natural Resources Canada,http://ftp.maps.canada.ca/pub/nacei_cnaie/energy_infrastructure/PowerPlantsAllGE100MW_NorthAmerica_201708.xlsx,Natural Resources Canada,28966,2017,,,,,,,,,,,,,23608.35,NO-ESTIMATION,NO-ESTIMATION,NO-ESTIMATION,NO-ESTIMATION,CAPACITY-FACTOR-V1
CAN,Canada,Darlington,CAN0002043,3740.0,43.8697,-78.7239,Nuclear,,,,,,Natural Resources Canada,http://ftp.maps.canada.ca/pub/nacei_cnaie/energy_infrastructure/PowerPlantsAllGE100MW_NorthAmerica_201708.xlsx,Natural Resources Canada,28977,2017,,,,,,,,,,,,,26045.79,NO-ESTIMATION,NO-ESTIMATION,NO-ESTIMATION,NO-ESTIMATION,CAPACITY-FACTOR-V1
CAN,Canada,Pickering A,CAN0002073,1084.0,43.8107,-79.0689,Nuclear,,,,,,Natural Resources Canada,http://ftp.maps.canada.ca/pub/nacei_cnaie/energy_infrastructure/PowerPlantsAllGE100MW_NorthAmerica_201708.xlsx,Natural Resources Canada,29018,2017,,,,,,,,,,,,,7549.10,NO-ESTIMATION,NO-ESTIMATION,NO-ESTIMATION,NO-ESTIMATION,CAPACITY-FACTOR-V1
CAN,Canada,Pickering B,CAN0002074,2160.0,43.8096,-79.0639,Nuclear,,,,,,Natural Resources Canada,http://ftp.maps.canada.ca/pub/nacei_cnaie/energy_infrastructure/PowerPlantsAllGE100MW_NorthAmerica_201708.xlsx,Natural Resources Canada,64093,2017,,,,,,,,,,,,,15042.49,NO-ESTIMATION,NO-ESTIMATION,NO-ESTIMATION,NO-ESTIMATION,CAPACITY-FACTOR-V1
CAN,Canada,Point Lepreau,CAN0002076,660.0,45.0686,-66.4543,Nuclear,,,,,,Natural Resources Canada,http://ftp.maps.canada.ca/pub/nacei_cnaie/energy_infrastructure/PowerPlantsAllGE100MW_NorthAmerica_201708.xlsx,Natural Resources Canada,27406,2017,,,,,,,,,,,,,4596.31,NO-ESTIMATION,NO-ESTIMATION,NO-ESTIMATION,NO-ESTIMATION,CAPACITY-FACTOR-V1
CHN,China,CEFR,WRI1061016,20.0,39.7400,116.0300,Nuclear,,,,,,IAEA,https://www.iaea.org/PRIS/CountryStatistics/CountryDetails.aspx?current=CN,,,,,,,,,,,,,,,,147.65,NO-ESTIMATION,NO-ESTIMATION,NO-ESTIMATION,NO-ESTIMATION,CAPACITY-FACTOR-V1
CHN,China,Changjiang,WRI1061017,1220.0,19.4600,108.9000,Nuclear,,,,,,IAEA,https://www.iaea.org/PRIS/CountryStatistics/CountryDetails.aspx?current=CN,,1074148,,,,,,,,,,,,,,9006.76,NO-ESTIMATION,NO-ESTIMATION,NO-ESTIMATION,NO-ESTIMATION,CAPACITY-FACTOR-V1
CHN,China,Daya Bay,WRI1061018,1888.0,22.6000,114.5400,Nuclear,,,,,,IAEA,https://www.iaea.org/PRIS/CountryStatistics/CountryDetails.aspx?current=CN,,1017830,,,,,,,,,,,,,,13938.34,NO-ESTIMATION,NO-ESTIMATION,NO-ESTIMATION,NO-ESTIMATION,CAPACITY-FACTOR-V1
CHN,China,Fangchenggang,WRI1061019,2000.0,21.6700,108.5600,Nuclear,,,,,,IAEA,https://www.iaea.org/PRIS/CountryStatistics/CountryDetails.aspx?current=CN,,1069436,,,,,,,,,,,,,,14765.19,NO-ESTIMATION,NO-ESTIMATION,NO-ESTIMATION,NO-ESTIMATION,CAPACITY-FACTOR-V1
CHN,China,Fangjiashan,WRI1061020,2024.0,30.4400,120.9400,Nuclear,,,,,,IAEA,https://www.iaea.org/PRIS/CountryStatistics/CountryDetails.aspx?current=CN,,1071053,,,,,,,,,,,,,,14942.37,NO-ESTIMATION,NO-ESTIMATION,NO-ESTIMATION,NO-ESTIMATION,CAPACITY-FACTOR-V1
CHN,China,Fuqing,WRI1061021,4000.0,25.4426,119.4440,Nuclear,,,,,,IAEA,https://www.iaea.org/PRIS/CountryStatistics/CountryDetails.aspx?current=CN,,1065467,,,,,,,,,,,,,,29530.38,NO-ESTIMATION,NO-ESTIMATION,NO-ESTIMATION,NO-ESTIMATION,CAPACITY-FACTOR-V1
CHN,China,Hongyanhe,WRI1061022,4183.0,39.8000,121.4800,Nuclear,,,,,,IAEA,https://www.iaea.org/PRIS/CountryStatistics/CountryDetails.aspx?current=CN,,1062642,,,,,,,,,,,,,,30881.40,NO-ESTIMATION,NO-ESTIMATION,NO-ESTIMATION,NO-ESTIMATION,CAPACITY-FACTOR-V1
CHN,China,Ling Ao,WRI1061023,3914.0,22.6000,114.5500,Nuclear,,,,,,IAEA,https://www.iaea.org/PRIS/CountryStatistics/CountryDetails.aspx?current=CN,CARMA,1058183,,,,,,,,,,,,,,28895.48,NO-ESTIMATION,NO-ESTIMATION,NO-ESTIMATION,NO-ESTIMATION,CAPACITY-FACTOR-V1
CHN,China,Ningde,WRI1061024,4072.0,27.0446,120.2855,Nuclear,,,,,,IAEA,https://www.iaea.org/PRIS/CountryStatistics/CountryDetails.aspx?current=CN,,1069414,,,,,,,,,,,,,,30061.93,NO-ESTIMATION,NO-ESTIMATION,NO-ESTIMATION,NO-ESTIMATION,CAPACITY-FACTOR-V1
CHN,China,Qinshan 2,WRI1061025,4101.0,30.4330,120.9501,Nuclear,,,,,,IAEA,https://www.iaea.org/PRIS/CountryStatistics/CountryDetails.aspx?current=CN,,1012204,,,,,,,,,,,,,,30276.02,NO-ESTIMATION,NO-ESTIMATION,NO-ESTIMATION,NO-ESTIMATION,CAPACITY-FACTOR-V1
CHN,China,Tianwan,WRI1061026,1980.0,34.6900,119.4600,Nuclear,,,,,,IAEA,https://www.iaea.org/PRIS/CountryStatistics/CountryDetails.aspx?current=CN,,1012202,,,,,,,,,,,,,,14617.54,NO-ESTIMATION,NO-ESTIMATION,NO-ESTIMATION,NO-ESTIMATION,CAPACITY-FACTOR-V1
CHN,China,Yangjiang,WRI1061027,4000.0,21.7100,112.2600,Nuclear,,,,,,IAEA,https://www.iaea.org/PRIS/CountryStatistics/CountryDetails.aspx?current=CN,,1017829,,,,,,,,,,,,,,29530.38,NO-ESTIMATION,NO-ESTIMATION,NO-ESTIMATION,NO-ESTIMATION,CAPACITY-FACTOR-V1
CZE,Czech Republic,Dukonavy,WRI1019175,2040.0,49.0852,16.1479,Nuclear,,,,,CEZ Group,CEZ Group,https://www.cez.cz/en/power-plants-and-environment/nuclear-power-plants/dukovany.html,WRI,,,,,11812.082,11178.383,11123.564,,,JRC-PPDB-OPEN,,,,,14225.78,NO-ESTIMATION,NO-ESTIMATION,NO-ESTIMATION,NO-ESTIMATION,CAPACITY-FACTOR-V1
CZE,Czech Republic,Temelín,WRI1019174,2133.0,49.1796,14.3795,Nuclear,,,,2002.0,CEZ Group,CEZ Group,https://www.cez.cz/en/power-plants-and-environment/nuclear-power-plants/temelin.html,WRI,1012060,,,,13513.509,11056.918,15655.058,,,JRC-PPDB-OPEN,,,,,14874.31,NO-ESTIMATION,NO-ESTIMATION,NO-ESTIMATION,NO-ESTIMATION,CAPACITY-FACTOR-V1
FIN,Finland,Loviisa Y1,WRI1002445,992.0,60.3708,26.3468,Nuclear,,,,,Fortum Power & Heat   Power,Finnish Energy Authority,http://www.energiavirasto.fi/en/voimalaitosrekisteri,GEODB,1019393,,,,7947.813,7914.977,8170.857,,,JRC-PPDB-OPEN,,,,,7851.12,NO-ESTIMATION,NO-ESTIMATION,NO-ESTIMATION,NO-ESTIMATION,CAPACITY-FACTOR-V1
FIN,Finland,Olkiluoto 1,WRI1002473,1760.0,61.2371,21.4433,Nuclear,,,,,Teollisuuden Voima Oyj,Finnish Energy Authority,http://www.energiavirasto.fi/en/voimalaitosrekisteri,GEODB,1031223,,,,,,,,,,,,,,13929.40,NO-ESTIMATION,NO-ESTIMATION,NO-ESTIMATION,NO-ESTIMATION,CAPACITY-FACTOR-V1
FRA,France,BELLEVILLE,WRI1002693,2620.0,47.5103,2.8750,Nuclear,,,,,,RTE Transmission Operator,http://clients.rte-france.com/lang/an/visiteurs/vie/prod/parc_reference.jsp,GEODB,1014654,,,,19555.254,16485.667,14443.614,,,JRC-PPDB-OPEN,,,,,15841.96,NO-ESTIMATION,NO-ESTIMATION,NO-ESTIMATION,NO-ESTIMATION,CAPACITY-FACTOR-V1
FRA,France,BLAYAIS,WRI1002694,3640.0,45.2560,-0.6932,Nuclear,,,,,,RTE Transmission Operator,http://clients.rte-france.com/lang/an/visiteurs/vie/prod/parc_reference.jsp,GEODB,1014665,,,,19707.717,24031.457,26114.388,,,JRC-PPDB-OPEN,,,,,22009.45,NO-ESTIMATION,NO-ESTIMATION,NO-ESTIMATION,NO-ESTIMATION,CAPACITY-FACTOR-V1
FRA,France,BUGEY,WRI1002701,3580.0,45.7973,5.2706,Nuclear,,,,,,RTE Transmission Operator,http://clients.rte-france.com/lang/an/visiteurs/vie/prod/parc_reference.jsp,GEODB,1014691,,,,25031.122,14697.273,23811.547,,,JRC-PPDB-OPEN,,,,,21646.65,NO-ESTIMATION,NO-ESTIMATION,NO-ESTIMATION,NO-ESTIMATION,CAPACITY-FACTOR-V1
FRA,France,CATTENOM,WRI1002703,5200.0,49.4160,6.2169,Nuclear,,,,,,RTE Transmission Operator,http://clients.rte-france.com/lang/an/visiteurs/vie/prod/parc_reference.jsp,GEODB,1014708,,,,36024.124,31537.575,36448.643,,,JRC-PPDB-OPEN,,,,,31442.07,NO-ESTIMATION,NO-ESTIMATION,NO-ESTIMATION,NO-ESTIMATION,CAPACITY-FACTOR-V1
FRA,France,CHINON,WRI1002706,3620.0,47.2254,0.1656,Nuclear,,,,,,RTE Transmission Operator,http://clients.rte-france.com/lang/an/visiteurs/vie/prod/parc_reference.jsp,GEODB,1029170,,,,24038.757,23152.275,24070.744,,,JRC-PPDB-OPEN,,,,,21888.52,NO-ESTIMATION,NO-ESTIMATION,NO-ESTIMATION,NO-ESTIMATION,CAPACITY-FACTOR-V1
FRA,France,CHOOZ,WRI1002707,3000.0,50.0900,4.7894,Nuclear,,,,,,RTE Transmission Operator,http://clients.rte-france.com/lang/an/visiteurs/vie/prod/parc_reference.jsp,GEODB,1014734,,,,20746.316,22285.984,15774.583,,,JRC-PPDB-OPEN,,,,,18139.65,NO-ESTIMATION,NO-ESTIMATION,NO-ESTIMATION,NO-ESTIMATION,CAPACITY-FACTOR-V1
FRA,France,CIVAUX,WRI1002708,2990.0,46.4563,0.6548,Nuclear,,,,,,RTE Transmission Operator,http://clients.rte-france.com/lang/an/visiteurs/vie/prod/parc_reference.jsp,GEODB,1014736,,,,20689.158,18070.376,19013.233,,,JRC-PPDB-OPEN,,,,,18079.19,NO-ESTIMATION,NO-ESTIMATION,NO-ESTIMATION,NO-ESTIMATION,CAPACITY-FACTOR-V1
FRA,France,CRUAS,WRI1002716,3660.0,44.6325,4.7546,Nuclear,,,,,,RTE Transmission Operator,http://clients.rte-france.com/lang/an/visiteurs/vie/prod/parc_reference.jsp,GEODB,1014746,,,,22068.295,22610.052,23127.477,,,JRC-PPDB-OPEN,,,,,22130.38,NO-ESTIMATION,NO-ESTIMATION,NO-ESTIMATION,NO-ESTIMATION,CAPACITY-FACTOR-V1
FRA,France,DAMPIERRE,WRI1002720,3560.0,47.7321,2.5185,Nuclear,,,,,,RTE Transmission Operator,http://clients.rte-france.com/lang/an/visiteurs/vie/prod/parc_reference.jsp,GEODB,1014749,,,,25213.325,23799.577,24191.573,,,JRC-PPDB-OPEN,,,,,21525.72,NO-ESTIMATION,NO-ESTIMATION,NO-ESTIMATION,NO-ESTIMATION,CAPACITY-FACTOR-V1
FRA,France,FESSENHEIM,WRI1002727,1760.0,47.9032,7.5631,Nuclear,,,,,,RTE Transmission Operator,http://clients.rte-france.com/lang/an/visiteurs/vie/prod/parc_reference.jsp,GEODB,1014779,,,,12641.512,8241.491,5709.948,,,JRC-PPDB-OPEN,,,,,10641.93,NO-ESTIMATION,NO-ESTIMATION,NO-ESTIMATION,NO-ESTIMATION,CAPACITY-FACTOR-V1
FRA,France,FLAMANVILLE,WRI1002728,2660.0,49.5366,-1.8823,Nuclear,,,,,,RTE Transmission Operator,http://clients.rte-france.com/lang/an/visiteurs/vie/prod/parc_reference.jsp,GEODB,1014781,,,,16053.604,19275.464,13818.593,,,JRC-PPDB-OPEN,,,,,16083.83,NO-ESTIMATION,NO-ESTIMATION,NO-ESTIMATION,NO-ESTIMATION,CAPACITY-FACTOR-V1
FRA,France,GOLFECH,WRI1002733,2620.0,44.1060,0.8443,Nuclear,,,,,,RTE Transmission Operator,http://clients.rte-france.com/lang/an/visiteurs/vie/prod/parc_reference.jsp,GEODB,1014796,,,,18803.622,19791.29,17810.593,,,JRC-PPDB-OPEN,,,,,15841.96,NO-ESTIMATION,NO-ESTIMATION,NO-ESTIMATION,NO-ESTIMATION,CAPACITY-FACTOR-V1
FRA,France,GRAVELINES,WRI1002735,5460.0,51.0141,2.1332,Nuclear,,,,,,RTE Transmission Operator,http://clients.rte-france.com/lang/an/visiteurs/vie/prod/parc_reference.jsp,GEODB,1014801,,,,37433.607,31096.403,31471.106,,,JRC-PPDB-OPEN,,,,,33014.17,NO-ESTIMATION,NO-ESTIMATION,NO-ESTIMATION,NO-ESTIMATION,CAPACITY-FACTOR-V1
FRA,France,NOGENT,WRI1002749,2620.0,48.5171,3.5181,Nuclear,,,,,,RTE Transmission Operator,http://clients.rte-france.com/lang/an/visiteurs/vie/prod/parc_reference.jsp,GEODB,1014963,,,,15899.809,20480.117,18876.597,,,JRC-PPDB-OPEN,,,,,15841.96,NO-ESTIMATION,NO-ESTIMATION,NO-ESTIMATION,NO-ESTIMATION,CAPACITY-FACTOR-V1
FRA,France,PALUEL,WRI1002752,5320.0,49.8582,0.6354,Nuclear,,,,,,RTE Transmission Operator,http://clients.rte-france.com/lang/an/visiteurs/vie/prod/parc_reference.jsp,GEODB,1014976,,,,29180.481,19353.564,20994.416,,,JRC-PPDB-OPEN,,,,,32167.66,NO-ESTIMATION,NO-ESTIMATION,NO-ESTIMATION,NO-ESTIMATION,CAPACITY-FACTOR-V1
FRA,France,PENLY,WRI1002754,2660.0,49.9764,1.2107,Nuclear,,,,,,RTE Transmission Operator,http://clients.rte-france.com/lang/an/visiteurs/vie/prod/parc_reference.jsp,GEODB,1014982,,,,19328.346,18053.795,18021.161,,,JRC-PPDB-OPEN,,,,,16083.83,NO-ESTIMATION,NO-ESTIMATION,NO-ESTIMATION,NO-ESTIMATION,CAPACITY-FACTOR-V1
FRA,France,ST ALBAN,WRI1002777,2670.0,45.4043,4.7554,Nuclear,,,,,,RTE Transmission Operator,http://clients.rte-france.com/lang/an/visiteurs/vie/prod/parc_reference.jsp,GEODB,,,,,18278.497,,14248.619,,,JRC-PPDB-OPEN,,,,,16144.29,NO-ESTIMATION,NO-ESTIMATION,NO-ESTIMATION,NO-ESTIMATION,CAPACITY-FACTOR-V1
FRA,France,ST LAURENT,WRI1002779,1830.0,47.7197,1.5783,Nuclear,,,,,,RTE Transmission Operator,http://clients.rte-france.com/lang/an/visiteurs/vie/prod/parc_reference.jsp,GEODB,,,,,10548.554,12135.058,12141.04,,,JRC-PPDB-OPEN,,,,,11065.19,NO-ESTIMATION,NO-ESTIMATION,NO-ESTIMATION,NO-ESTIMATION,CAPACITY-FACTOR-V1
FRA,France,TRICASTIN 1,WRI1002782,3660.0,44.3311,4.7311,Nuclear,,,,,,RTE Transmission Operator,http://clients.rte-france.com/lang/an/visiteurs/vie/prod/parc_reference.jsp,GEODB,1015108,,,,,20794.73,,,,JRC-PPDB-OPEN,,,,,22130.38,NO-ESTIMATION,NO-ESTIMATION,NO-ESTIMATION,NO-ESTIMATION,CAPACITY-FACTOR-V1
DEU,Germany,BROKDORF,WRI1005621,1480.0,53.8506,9.3450,Nuclear,,,,1986.0,,IAEA,https://www.iaea.org/PRIS/CountryStatistics/CountryStatisticsLandingPage.aspx,GEODB,1020793,,,,10516.481,10939.383,5480.324,,,JRC-PPDB-OPEN,,,,,9946.24,NO-ESTIMATION,NO-ESTIMATION,NO-ESTIMATION,NO-ESTIMATION,CAPACITY-FACTOR-V1
DEU,Germany,EMSLAND,WRI1005659,1406.0,52.4716,7.3204,Nuclear,,,,1988.0,,IAEA,https://www.iaea.org/PRIS/CountryStatistics/CountryStatisticsLandingPage.aspx,GEODB,,,,,10285.976,10538.748,10752.041,,,JRC-PPDB-OPEN,,,,,9448.93,NO-ESTIMATION,NO-ESTIMATION,NO-ESTIMATION,NO-ESTIMATION,CAPACITY-FACTOR-V1
DEU,Germany,Grohnde,WRI1005703,1360.0,52.0356,9.4135,Nuclear,,,,1985.0,E.ON Kernkraft GmbH,Open Power System Data,http://data.open-power-system-data.org/,Open Power System Data,1017668,,,,9755.002,8416.703,9133.248,,,JRC-PPDB-OPEN,,,,,9139.79,NO-ESTIMATION,NO-ESTIMATION,NO-ESTIMATION,NO-ESTIMATION,CAPACITY-FACTOR-V1
DEU,Germany,ISAR-2,WRI1005849,1485.0,48.6049,12.2936,Nuclear,,,,1988.0,,IAEA,https://www.iaea.org/PRIS/CountryStatistics/CountryStatisticsLandingPage.aspx,GEODB,1020796,,,,10394.236,11336.048,10901.416,,,JRC-PPDB-OPEN,,,,,9979.84,NO-ESTIMATION,NO-ESTIMATION,NO-ESTIMATION,NO-ESTIMATION,CAPACITY-FACTOR-V1
DEU,Germany,Kernkraft Gundremmingen,WRI1005856,2572.0,48.5150,10.4016,Nuclear,,,,1984.0,Kernkraftwerk Gundremmingen GmbH (KGG),Open Power System Data,http://data.open-power-system-data.org/,Open Power System Data,1020803,,,,19972.048,18427.924,,,,JRC-PPDB-OPEN,,,,,17284.96,NO-ESTIMATION,NO-ESTIMATION,NO-ESTIMATION,NO-ESTIMATION,CAPACITY-FACTOR-V1
DEU,Germany,NECKARWESTHEIM-2,WRI1005974,1400.0,49.0408,9.1759,Nuclear,,,,1989.0,,IAEA,https://www.iaea.org/PRIS/CountryStatistics/CountryStatisticsLandingPage.aspx,GEODB,,,,,,10205.1,,,,IAEA,,,,,9408.61,NO-ESTIMATION,NO-ESTIMATION,NO-ESTIMATION,NO-ESTIMATION,CAPACITY-FACTOR-V1
DEU,Germany,PHILIPPSBURG-2,WRI1006001,1468.0,49.2529,8.4364,Nuclear,,,,1984.0,,IAEA,https://www.iaea.org/PRIS/CountryStatistics/CountryStatisticsLandingPage.aspx,GEODB,1020800,,,,10372.282,9701.603,7387.201,,,JRC-PPDB-OPEN,,,,,9865.60,NO-ESTIMATION,NO-ESTIMATION,NO-ESTIMATION,NO-ESTIMATION,CAPACITY-FACTOR-V1
HUN,Hungary,Paksi Atomerőmű,WRI1020246,1886.8,46.5739,18.8536,Nuclear,,,,,,ENTSOE,https://transparency.entsoe.eu/generation/r2/installedCapacityPerProductionUnit/show,WRI,,,,,14933.833,15124.641,15159.233,,,JRC-PPDB-OPEN,,,,,15111.29,NO-ESTIMATION,NO-ESTIMATION,NO-ESTIMATION,NO-ESTIMATION,CAPACITY-FACTOR-V1
IND,India,DAE RAJASTHAN,IND0000086,100.0,24.8747,75.6189,Nuclear,,,,1972,,Central Electricity Authority,http://www.cea.nic.in/,WRI,1024542,2019,,,0.0,0.0,0.0,0.0,,Central Electricity Authority,,,,,669.21,NO-ESTIMATION,NO-ESTIMATION,NO-ESTIMATION,NO-ESTIMATION,CAPACITY-FACTOR-V1
IND,India,KAIGA,IND0000170,880.0,14.8650,74.4385,Nuclear,,,,2004,,Central Electricity Authority,http://www.cea.nic.in/,WRI,1024537,2019,,5866.94,6996.0,5931.49,6825.73,6532.35,,Central Electricity Authority,,,,,5889.08,NO-ESTIMATION,NO-ESTIMATION,NO-ESTIMATION,NO-ESTIMATION,CAPACITY-FACTOR-V1
IND,India,KAKRAPARA,IND0000173,440.0,21.2384,73.3489,Nuclear,,,,1993,,Central Electricity Authority,http://www.cea.nic.in/,WRI,1024538,2019,,3155.0,1784.0,0.0,0.0,881.02,,Central Electricity Authority,,,,,2944.54,NO-ESTIMATION,NO-ESTIMATION,NO-ESTIMATION,NO-ESTIMATION,CAPACITY-FACTOR-V1
IND,India,KUNDANKULAM,IND0000220,2000.0,8.1691,77.1327,Nuclear,,,,2015,,Central Electricity Authority,http://www.cea.nic.in/,WRI,1024539,2019,,3875.32315,2027.0,5724.02,7894.4,5562.31,,Central Electricity Authority,,,,,13384.29,NO-ESTIMATION,NO-ESTIMATION,NO-ESTIMATION,NO-ESTIMATION,CAPACITY-FACTOR-V1
IND,India,Kudankulam,WRI1026848,2000.0,8.1689,77.7126,Nuclear,,,,,,IAEA,https://www.iaea.org/PRIS/CountryStatistics/ReactorDetails.aspx?current=853,WRI,1024539,,,,,,,,,,,,,,13384.29,NO-ESTIMATION,NO-ESTIMATION,NO-ESTIMATION,NO-ESTIMATION,CAPACITY-FACTOR-V1
IND,India,M.A.P.P.,IND0000242,440.0,12.5571,80.1754,Nuclear,,,,1984,,Central Electricity Authority,http://www.cea.nic.in/,WRI,,2019,,2356.63,2927.0,2916.67,2704.38,1367.91,,Central Electricity Authority,,,,,2944.54,NO-ESTIMATION,NO-ESTIMATION,NO-ESTIMATION,NO-ESTIMATION,CAPACITY-FACTOR-V1
IND,India,N.A.P.S,IND0000283,440.0,28.1560,78.4089,Nuclear,,,,1990,,Central Electricity Authority,http://www.cea.nic.in/,WRI,1024541,2019,,2539.0,3080.0,3036.89,3268.57,2831.84,,Central Electricity Authority,,,,,2944.54,NO-ESTIMATION,NO-ESTIMATION,NO-ESTIMATION,NO-ESTIMATION,CAPACITY-FACTOR-V1
IND,India,R.A.P.S.,IND0000350,1080.0,24.8747,75.6189,Nuclear,,,,2000,,Central Electricity Authority,http://www.cea.nic.in/,WRI,1024542,2019,,6945.0,7612.0,6684.6,7720.62,7195.06,,Central Electricity Authority,,,,,7227.51,NO-ESTIMATION,NO-ESTIMATION,NO-ESTIMATION,NO-ESTIMATION,CAPACITY-FACTOR-V1
IND,India,TARAPUR,IND0000445,1400.0,19.8294,72.6617,Nuclear,,,,1996,,Central Electricity Authority,http://www.cea.nic.in/,WRI,1024543,2019,,9335.0,9453.0,9887.2,6173.62,9845.76,,Central Electricity Authority,,,,,9369.00,NO-ESTIMATION,NO-ESTIMATION,NO-ESTIMATION,NO-ESTIMATION,CAPACITY-FACTOR-V1
IRN,Iran,Bushehr,WRI1023916,1000.0,28.8298,50.8857,Nuclear,,,,2011.0,Nuclear Power Production and Development Company of Iran,IAEA,https://www.iaea.org/PRIS/CountryStatistics/ReactorDetails.aspx?current=310,WRI,1031062,,,,3198.24,,,,,IAEA,,,,,7514.00,NO-ESTIMATION,NO-ESTIMATION,NO-ESTIMATION,NO-ESTIMATION,CAPACITY-FACTOR-V1
JPN,Japan,Fukushima Daina,WRI1000678,4400.0,37.3164,141.0265,Nuclear,,,,,Tokyo,Japanese Electric Power Information Center,https://www.jepic.or.jp/en/,GEODB,,,,,,,,,,,,,,,35148.73,NO-ESTIMATION,NO-ESTIMATION,NO-ESTIMATION,NO-ESTIMATION,CAPACITY-FACTOR-V1
JPN,Japan,Genkai,WRI1000687,3478.0,33.5152,129.8360,Nuclear,,,,,Kyushu,Japanese Electric Power Information Center,https://www.jepic.or.jp/en/,GEODB,,,,,,,,,,,,,,,27783.47,NO-ESTIMATION,NO-ESTIMATION,NO-ESTIMATION,NO-ESTIMATION,CAPACITY-FACTOR-V1
JPN,Japan,Hamaoka,WRI1000680,3617.0,34.6235,138.1421,Nuclear,,,,,Chubu,Japanese Electric Power Information Center,https://www.jepic.or.jp/en/,GEODB,,,,,,,,,,,,,,,28893.86,NO-ESTIMATION,NO-ESTIMATION,NO-ESTIMATION,NO-ESTIMATION,CAPACITY-FACTOR-V1
JPN,Japan,Higashi-Dori,WRI1000675,1100.0,41.1880,141.3903,Nuclear,,,,,Tohoku,Japanese Electric Power Information Center,https://www.jepic.or.jp/en/,GEODB,,,,,,,,,,,,,,,8787.18,NO-ESTIMATION,NO-ESTIMATION,NO-ESTIMATION,NO-ESTIMATION,CAPACITY-FACTOR-V1
JPN,Japan,Ikata,WRI1000686,2022.0,33.4909,132.3088,Nuclear,,,,,Shikoku,Japanese Electric Power Information Center,https://www.jepic.or.jp/en/,GEODB,1028658,,,,,,,,,,,,,,16152.44,NO-ESTIMATION,NO-ESTIMATION,NO-ESTIMATION,NO-ESTIMATION,CAPACITY-FACTOR-V1
JPN,Japan,Kashiwazaki Kariwa,WRI1000679,8212.0,37.4259,138.5941,Nuclear,,,,,Tokyo,Japanese Electric Power Information Center,https://www.jepic.or.jp/en/,GEODB,,,,,,,,,,,,,,,65600.32,NO-ESTIMATION,NO-ESTIMATION,NO-ESTIMATION,NO-ESTIMATION,CAPACITY-FACTOR-V1
JPN,Japan,Mihama,WRI1000682,826.0,35.7024,135.9634,Nuclear,,,,,Kansai,Japanese Electric Power Information Center,https://www.jepic.or.jp/en/,GEODB,,,,,,,,,,,,,,,6598.37,NO-ESTIMATION,NO-ESTIMATION,NO-ESTIMATION,NO-ESTIMATION,CAPACITY-FACTOR-V1
JPN,Japan,Ohi,WRI1000684,4710.0,35.5424,135.6544,Nuclear,,,,,Kansai,Japanese Electric Power Information Center,https://www.jepic.or.jp/en/,GEODB,1020441,,,,,,,,,,,,,,37625.12,NO-ESTIMATION,NO-ESTIMATION,NO-ESTIMATION,NO-ESTIMATION,CAPACITY-FACTOR-V1
JPN,Japan,Onagawa,WRI1000676,2174.0,38.4000,141.5000,Nuclear,,,,,Tohoku,Japanese Electric Power Information Center,https://www.jepic.or.jp/en/,GEODB,,,,,,,,,,,,,,,17366.67,NO-ESTIMATION,NO-ESTIMATION,NO-ESTIMATION,NO-ESTIMATION,CAPACITY-FACTOR-V1
JPN,Japan,Sendai,WRI1000688,1780.0,31.8335,130.1887,Nuclear,,,,,Kyushu,Japanese Electric Power Information Center,https://www.jepic.or.jp/en/,GEODB,,,,,,,,,,,,,,,14219.26,NO-ESTIMATION,NO-ESTIMATION,NO-ESTIMATION,NO-ESTIMATION,CAPACITY-FACTOR-V1
JPN,Japan,Shika,WRI1000681,1746.0,37.0609,136.7265,Nuclear,,,,,Hokuriku,Japanese Electric Power Information Center,https://www.jepic.or.jp/en/,GEODB,,,,,,,,,,,,,,,13947.65,NO-ESTIMATION,NO-ESTIMATION,NO-ESTIMATION,NO-ESTIMATION,CAPACITY-FACTOR-V1
JPN,Japan,Shimane,WRI1000685,820.0,35.5379,132.9991,Nuclear,,,,,Chugoku,Japanese Electric Power Information Center,https://www.jepic.or.jp/en/,GEODB,,,,,,,,,,,,,,,6550.44,NO-ESTIMATION,NO-ESTIMATION,NO-ESTIMATION,NO-ESTIMATION,CAPACITY-FACTOR-V1
JPN,Japan,Takahama,WRI1000683,3392.0,35.5223,135.5036,Nuclear,,,,,Kansai,Japanese Electric Power Information Center,https://www.jepic.or.jp/en/,GEODB,1020472,,,,,,,,,,,,,,27096.48,NO-ESTIMATION,NO-ESTIMATION,NO-ESTIMATION,NO-ESTIMATION,CAPACITY-FACTOR-V1
JPN,Japan,Tokai Daini,WRI1000689,1100.0,36.4215,140.6028,Nuclear,,,,,Japan Atomic Power Co.,Japanese Electric Power Information Center,https://www.jepic.or.jp/en/,GEODB,,,,,,,,,,,,,,,8787.18,NO-ESTIMATION,NO-ESTIMATION,NO-ESTIMATION,NO-ESTIMATION,CAPACITY-FACTOR-V1
JPN,Japan,Tomari,WRI1000674,2000.0,43.0367,140.5125,Nuclear,,,,,Hokkaido,Japanese Electric Power Information Center,https://www.jepic.or.jp/en/,GEODB,,,,,,,,,,,,,,,15976.69,NO-ESTIMATION,NO-ESTIMATION,NO-ESTIMATION,NO-ESTIMATION,CAPACITY-FACTOR-V1
JPN,Japan,Tsuruga,WRI1000690,1160.0,35.7519,136.0189,Nuclear,,,,,Japan Atomic Power Co.,Japanese Electric Power Information Center,https://www.jepic.or.jp/en/,GEODB,1018697,,,,,,,,,,,,,,9266.48,NO-ESTIMATION,NO-ESTIMATION,NO-ESTIMATION,NO-ESTIMATION,CAPACITY-FACTOR-V1
MEX,Mexico,Laguna Verde,MEX0001769,1510.0,19.7208,-96.4064,Nuclear,,,,,CFE,CFE-CENACE,http://base.energia.gob.mx/nacei/Archivos/3%20P%C3%A1gina%20Datos%20de%20Infraestructura/Ingl%C3%A9s/PowerPlantsAllGE100MW_NorthAmerica_201606.xlsx,North American Cooperation on Energy Information and Comisión Reguladora de Energía,1013090,2016,,,,,,,,,,,,,10020.32,NO-ESTIMATION,NO-ESTIMATION,NO-ESTIMATION,NO-ESTIMATION,CAPACITY-FACTOR-V1
NLD,Netherlands,Borssele Nuclear Power Station,WRI1019300,485.0,51.4312,3.7174,Nuclear,,,,1973.0,EPZ,IAEA,https://www.iaea.org/PRIS/CountryStatistics/CountryDetails.aspx?current=NL,WRI,1016600,,,,3674.924,3726.4,3220.584,,,JRC-PPDB-OPEN,,,,,3203.82,NO-ESTIMATION,NO-ESTIMATION,NO-ESTIMATION,NO-ESTIMATION,CAPACITY-FACTOR-V1
PAK,Pakistan,Chasnupp,WRI1001626,1330.0,32.3920,71.4616,Nuclear,,,,,Pakistan Atomic Energy Commission,Islamabad Chamber of Commerce and Industry,http://icci.com.pk/data/downloads/63/1293619048_1.pdf,GEODB,1025125,,,,,,,,,,,,,,,NO-ESTIMATION,NO-ESTIMATION,NO-ESTIMATION,NO-ESTIMATION,NO-ESTIMATION
PAK,Pakistan,Kanupp,WRI1001625,137.0,24.8450,66.7888,Nuclear,,,,1971.0,Pakistan Atomic Energy Commission,Islamabad Chamber of Commerce and Industry,http://icci.com.pk/data/downloads/63/1293619048_1.pdf,GEODB,1025126,,,,,,,,,,,,,,,NO-ESTIMATION,NO-ESTIMATION,NO-ESTIMATION,NO-ESTIMATION,NO-ESTIMATION
ROU,Romania,NPP Cernavoda,WRI1019093,1298.0,44.3215,28.0568,Nuclear,,,,,,ENTSOE,https://transparency.entsoe.eu/generation/r2/installedCapacityPerProductionUnit/show,GEODB,1027021,,,,,,,,,,,,,,10374.08,NO-ESTIMATION,NO-ESTIMATION,NO-ESTIMATION,NO-ESTIMATION,CAPACITY-FACTOR-V1
RUS,Russia,Balakovo NPP,WRI1023915,4000.0,52.0928,47.9539,Nuclear,,,,,"JSC ""Concern Rosenergoatom""",EnergyBase (RUS),https://energybase.ru/power-plant/Balakovo_NPP,WRI,1022693,,,,,,,,,,,,,,28565.42,NO-ESTIMATION,NO-ESTIMATION,NO-ESTIMATION,NO-ESTIMATION,CAPACITY-FACTOR-V1
RUS,Russia,Beloyarsk,WRI1003666,1480.0,56.8417,61.3225,Nuclear,,,,1964.0,Rosatom,IAEA,http://www.rosenergoatom.ru/wps/wcm/connect/rosenergoatom_copy/site_en/NPP/,CARMA,1022694,,,,,,,,,,,,,,10569.20,NO-ESTIMATION,NO-ESTIMATION,NO-ESTIMATION,NO-ESTIMATION,CAPACITY-FACTOR-V1
RUS,Russia,Bilibino,WRI1003671,48.0,68.0503,166.5389,Nuclear,,,,,"JSC ""Concern Rosenergoatom""",EnergyBase (RUS),https://energybase.ru/power-plant/Bilibino_NPP,GEODB,1022695,,,,,,,,,,,,,,342.78,NO-ESTIMATION,NO-ESTIMATION,NO-ESTIMATION,NO-ESTIMATION,CAPACITY-FACTOR-V1
RUS,Russia,Kalinn NPP,WRI1003717,4000.0,57.9050,35.0614,Nuclear,,,,,"JSC ""Concern Rosenergoatom""",EnergyBase (RUS),https://energybase.ru/power-plant/Kalinin_NPP,WRI,1022699,,,,,,,,,,,,,,28565.42,NO-ESTIMATION,NO-ESTIMATION,NO-ESTIMATION,NO-ESTIMATION,CAPACITY-FACTOR-V1
RUS,Russia,Kola NPP,WRI1003733,1760.0,67.4667,32.4667,Nuclear,,,,,"JSC ""Concern Rosenergoatom""",EnergyBase (RUS),https://energybase.ru/power-plant/Kola_NPP,GEODB,1022700,,,,,,,,,,,,,,12568.78,NO-ESTIMATION,NO-ESTIMATION,NO-ESTIMATION,NO-ESTIMATION,CAPACITY-FACTOR-V1
RUS,Russia,Kursk,WRI1003744,4000.0,51.6750,35.6056,Nuclear,,,,,"JSC ""Concern Rosenergoatom""",EnergyBase (RUS),https://energybase.ru/power-plant/Kursk_NPP,GEODB,,,,,,,,,,,,,,,28565.42,NO-ESTIMATION,NO-ESTIMATION,NO-ESTIMATION,NO-ESTIMATION,CAPACITY-FACTOR-V1
RUS,Russia,Leningrad NPP,WRI1003749,4000.0,59.8528,29.0486,Nuclear,,,,,"JSC ""Concern Rosenergoatom""",EnergyBase (RUS),https://energybase.ru/power-plant/Leningrad_NPP,GEODB,1022707,,,,,,,,,,,,,,28565.42,NO-ESTIMATION,NO-ESTIMATION,NO-ESTIMATION,NO-ESTIMATION,CAPACITY-FACTOR-V1
RUS,Russia,Novovoronezh,WRI1003775,1880.0,51.2822,39.2100,Nuclear,,,,,"JSC ""Concern Rosenergoatom""",EnergyBase (RUS),https://energybase.ru/power-plant/Novovoronezh_NPP,GEODB,1022704,,,,,,,,,,,,,,13425.74,NO-ESTIMATION,NO-ESTIMATION,NO-ESTIMATION,NO-ESTIMATION,CAPACITY-FACTOR-V1
RUS,Russia,Rostov NPP,WRI1003791,4000.0,47.5993,42.3717,Nuclear,,,,2001.0,Rosatom,IAEA,http://www.rosenergoatom.ru/wps/wcm/connect/rosenergoatom_copy/ronpp/,GEODB,,,,,,,,,,,,,,,28565.42,NO-ESTIMATION,NO-ESTIMATION,NO-ESTIMATION,NO-ESTIMATION,CAPACITY-FACTOR-V1
RUS,Russia,Smolensk,WRI1003812,3000.0,54.1647,33.2367,Nuclear,,,,,"JSC ""Concern Rosenergoatom""",EnergyBase (RUS),https://energybase.ru/power-plant/Smolensk_NPP,GEODB,1022706,,,,,,,,,,,,,,21424.06,NO-ESTIMATION,NO-ESTIMATION,NO-ESTIMATION,NO-ESTIMATION,CAPACITY-FACTOR-V1
SVK,Slovakia,Bohunice Nuclear Power Plant Slovakia,GEODB0002385,880.0,48.4960,17.6816,Nuclear,,,,,,GEODB,http://globalenergyobservatory.org,GEODB,1029012,2017,,,,,7730.65,,,JRC-PPDB-OPEN,,,,,6805.78,NO-ESTIMATION,NO-ESTIMATION,NO-ESTIMATION,NO-ESTIMATION,CAPACITY-FACTOR-V1
SVK,Slovakia,Mochovce Nuclear Power Plant Slovakia,GEODB0004330,880.0,48.2621,18.4590,Nuclear,,,,,,GEODB,http://globalenergyobservatory.org,GEODB,1029033,2017,,,,,7196.592,,,JRC-PPDB-OPEN,,,,,6805.78,NO-ESTIMATION,NO-ESTIMATION,NO-ESTIMATION,NO-ESTIMATION,CAPACITY-FACTOR-V1
SVN,Slovenia,Krsko (NEK),WRI1022414,696.0,45.9389,15.5160,Nuclear,,,,,,ENTSOE,https://transparency.entsoe.eu/generation/r2/installedCapacityPerProductionUnit/show,GEODB,1015518,,,,5361.506,5390.881,5958.904,,,JRC-PPDB-OPEN,,,,,6017.00,NO-ESTIMATION,NO-ESTIMATION,NO-ESTIMATION,NO-ESTIMATION,CAPACITY-FACTOR-V1
ZAF,South Africa,Koeberg,WRI1000137,1800.0,-33.6737,18.4281,Nuclear,,,,1984.0,Eskom,Eskom,http://www.eskom.co.za/Whatweredoing/ElectricityGeneration/KoebergNuclearPowerStation/Pages/Koeberg_Power_Station.aspx,WRI,1016660,,,,,,,,,,,,,,13236.99,NO-ESTIMATION,NO-ESTIMATION,NO-ESTIMATION,NO-ESTIMATION,CAPACITY-FACTOR-V1
KOR,South Korea,Chan Cheon,WRI1000220,62.0,37.9672,127.6699,Hydro,,,,1965.0,Korea Hydro and Nuclear,KHNP,https://cms.khnp.co.kr/eng/hydroelectric-plants/,WRI,1021144,,,,,,,,,,195.15,103.16,101.69,115.76,122.27,HYDRO-V1,HYDRO-V1,HYDRO-V1,HYDRO-V1,HYDRO-V1
KOR,South Korea,Goesan,WRI1000226,2.8,36.8108,127.7947,Hydro,,,,1957.0,Korea Hydro and Nuclear,KHNP,https://cms.khnp.co.kr/eng/hydroelectric-plants/,CARMA,1048950,,,,,,,,,,7.79,7.27,6.87,7.29,7.27,HYDRO-V1,HYDRO-V1,HYDRO-V1,HYDRO-V1,HYDRO-V1
KOR,South Korea,Hanbit,WRI1000217,5900.0,35.4105,126.4175,Nuclear,,,,,Korea Hydro and Nuclear,KHNP,https://cms.khnp.co.kr/eng/plant-status/,GEODB,1021196,,,,,,,,,,,,,,37484.77,NO-ESTIMATION,NO-ESTIMATION,NO-ESTIMATION,NO-ESTIMATION,CAPACITY-FACTOR-V1
KOR,South Korea,Hanul,WRI1000218,5900.0,37.0931,129.3830,Nuclear,,,,,Korea Hydro and Nuclear,KHNP,https://cms.khnp.co.kr/eng/plant-status/,GEODB,1021187,,,,,,,,,,,,,,37484.77,NO-ESTIMATION,NO-ESTIMATION,NO-ESTIMATION,NO-ESTIMATION,CAPACITY-FACTOR-V1
KOR,South Korea,Hwacheon,WRI1000219,108.0,38.1174,127.7785,Hydro,,,,1944.0,Korea Hydro and Nuclear,KHNP,https://cms.khnp.co.kr/eng/hydroelectric-plants/,WRI,1021152,,,,,,,,,,337.12,193.18,190.04,252.94,213.46,HYDRO-V1,HYDRO-V1,HYDRO-V1,HYDRO-V1,HYDRO-V1
KOR,South Korea,Kori,WRI1000213,3137.0,35.3199,129.2948,Nuclear,,,,,Korea Hydro and Nuclear,KHNP,https://cms.khnp.co.kr/eng/plant-status/,GEODB,1021160,,,,,,,,,,,,,,19930.46,NO-ESTIMATION,NO-ESTIMATION,NO-ESTIMATION,NO-ESTIMATION,CAPACITY-FACTOR-V1
KOR,South Korea,Paldang,WRI1000222,120.0,37.5286,127.2803,Hydro,,,,1973.0,Korea Hydro and Nuclear,KHNP,https://cms.khnp.co.kr/eng/hydroelectric-plants/,WRI,1021168,,,,,,,,,,355.16,205.75,199.93,224.96,272.31,HYDRO-V1,HYDRO-V1,HYDRO-V1,HYDRO-V1,HYDRO-V1
KOR,South Korea,Shin-Kori,WRI1000214,3340.0,35.3271,129.3017,Nuclear,,,,,Korea Hydro and Nuclear,KHNP,https://cms.khnp.co.kr/eng/plant-status/,GEODB,1045325,,,,,,,,,,,,,,21220.19,NO-ESTIMATION,NO-ESTIMATION,NO-ESTIMATION,NO-ESTIMATION,CAPACITY-FACTOR-V1
KOR,South Korea,Shin-Wolsong,WRI1000216,2000.0,35.7221,129.4786,Nuclear,,,,2012.0,Korea Hydro and Nuclear,KHNP,https://cms.khnp.co.kr/eng/plant-status/,GEODB,1021134,,,,,,,,,,,,,,12706.70,NO-ESTIMATION,NO-ESTIMATION,NO-ESTIMATION,NO-ESTIMATION,CAPACITY-FACTOR-V1
KOR,South Korea,Uiam,WRI1000221,48.0,37.8360,127.6779,Hydro,,,,1967.0,Korea Hydro and Nuclear,KHNP,https://cms.khnp.co.kr/eng/hydroelectric-plants/,WRI,1021186,,,,,,,,,,159.24,96.35,84.22,97.54,98.28,HYDRO-V1,HYDRO-V1,HYDRO-V1,HYDRO-V1,HYDRO-V1
KOR,South Korea,Wolsong,WRI1000215,2799.0,35.7111,129.4743,Nuclear,,,,,Korea Hydro and Nuclear,KHNP,https://cms.khnp.co.kr/eng/plant-status/,GEODB,1021190,,,,,,,,,,,,,,17783.03,NO-ESTIMATION,NO-ESTIMATION,NO-ESTIMATION,NO-ESTIMATION,CAPACITY-FACTOR-V1
KOR,South Korea,Yonggwang,WRI1029911,3.0,35.4190,126.4286,Solar,,,,,Korea Hydro and Nuclear Power Company,CDM,https://cdm.unfccc.int/Projects/DB/KEMCO1226641337.52/view,WRI,1067313,,,,,,,,,,5.40,5.10,5.35,5.29,5.39,SOLAR-V1-NO-AGE,SOLAR-V1-NO-AGE,SOLAR-V1-NO-AGE,SOLAR-V1-NO-AGE,SOLAR-V1-NO-AGE
ESP,Spain,ASCO GR,WRI1006213,1990.5,41.2008,0.5679,Nuclear,,,,1983.0,ENDESA GENERACION S.A.,Red Eléctrica de España,http://www.ree.es/en/statistical-data-of-spanish-electrical-system/annual-report/preliminary-report-spanish-electricity-system-2015,GEODB,1011921,,,,15802.182,16029.262,15241.801,,,JRC-PPDB-OPEN,,,,,15902.24,NO-ESTIMATION,NO-ESTIMATION,NO-ESTIMATION,NO-ESTIMATION,CAPACITY-FACTOR-V1
ESP,Spain,CN ALMARAZ 1,WRI1006358,2016.9,39.8070,-5.6986,Nuclear,,,,1984.0,IBERDROLA GENERACION  S.A.,Red Eléctrica de España,http://www.ree.es/en/statistical-data-of-spanish-electrical-system/annual-report/preliminary-report-spanish-electricity-system-2015,GEODB,1011920,,,,16026.973,15053.359,16343.997,,,JRC-PPDB-OPEN,,,,,16113.15,NO-ESTIMATION,NO-ESTIMATION,NO-ESTIMATION,NO-ESTIMATION,CAPACITY-FACTOR-V1
ESP,Spain,CN COFRENTES,WRI1006359,1063.94,39.2134,-1.0509,Nuclear,,,,1985.0,IBERDROLA GENERACION NUCLEAR  S.A.U.,Red Eléctrica de España,http://www.ree.es/en/statistical-data-of-spanish-electrical-system/annual-report/preliminary-report-spanish-electricity-system-2015,GEODB,1019116,,,,7404.213,9152.878,7050.111,,,JRC-PPDB-OPEN,,,,,8499.89,NO-ESTIMATION,NO-ESTIMATION,NO-ESTIMATION,NO-ESTIMATION,CAPACITY-FACTOR-V1
ESP,Spain,TRILLO,WRI1007993,1003.41,40.7016,-2.6227,Nuclear,,,,1988.0,IBERDROLA GENERACION  S.A.,Red Eléctrica de España,http://www.ree.es/en/statistical-data-of-spanish-electrical-system/annual-report/preliminary-report-spanish-electricity-system-2015,GEODB,1011922,,,,7902.91,7979.67,7982.665,,,JRC-PPDB-OPEN,,,,,8016.31,NO-ESTIMATION,NO-ESTIMATION,NO-ESTIMATION,NO-ESTIMATION,CAPACITY-FACTOR-V1
ESP,Spain,VANDELLOS GR 2,WRI1023569,1045.31,40.9511,0.8662,Nuclear,,,,1987.0,ENDESA GENERACION S.A.,Red Eléctrica de España,http://www.ree.es/en/statistical-data-of-spanish-electrical-system/annual-report/preliminary-report-spanish-electricity-system-2015,WRI,1011923,,,,7452.839,7620.497,8994.289,,,JRC-PPDB-OPEN,,,,,8351.05,NO-ESTIMATION,NO-ESTIMATION,NO-ESTIMATION,NO-ESTIMATION,CAPACITY-FACTOR-V1
SWE,Sweden,Forsmark,WRI1002098,3227.0,60.4028,18.1744,Nuclear,,,,,65% Vattenfall; E.ON 8.5%; Mellansvensk Kraftgrupp 25.5%,Vattenfall,http://powerplants.vattenfall.com/forsmark,GEODB,1032759,,,,,24001.087,24576.012,,,JRC-PPDB-OPEN,,,,,22956.25,NO-ESTIMATION,NO-ESTIMATION,NO-ESTIMATION,NO-ESTIMATION,CAPACITY-FACTOR-V1
SWE,Sweden,Oskarshamn,WRI1002168,2603.0,57.4130,16.6683,Nuclear,,,,,,IAEA,https://www.iaea.org/PRIS/CountryStatistics/CountryStatisticsLandingPage.aspx,GEODB,1024770,,,,,13550.964,11073.695,,,JRC-PPDB-OPEN,,,,,18517.23,NO-ESTIMATION,NO-ESTIMATION,NO-ESTIMATION,NO-ESTIMATION,CAPACITY-FACTOR-V1
SWE,Sweden,Ringhals,WRI1002097,3932.0,57.2574,12.1087,Nuclear,,,,,70.4% Vattenfall; 29.6% Karnkraft Sverige,Vattenfall,http://powerplants.vattenfall.com/ringhals,GEODB,1008913,,,,,22779.066,27494.473,,,JRC-PPDB-OPEN,,,,,27971.48,NO-ESTIMATION,NO-ESTIMATION,NO-ESTIMATION,NO-ESTIMATION,CAPACITY-FACTOR-V1
CHE,Switzerland,Kernkraftwerk Beznau,WRI1004271,760.0,47.5520,8.2281,Nuclear,,,,,Axpo AG,Swiss Federal Office of Energy,http://api3.geo.admin.ch/rest/services/api/MapServer/ch.bfe.kernkraftwerke/3/extendedHtmlPopup?lang=en,GEODB,1024252,,,,,,,,,,,,,,5107.44,NO-ESTIMATION,NO-ESTIMATION,NO-ESTIMATION,NO-ESTIMATION,CAPACITY-FACTOR-V1
CHE,Switzerland,Kernkraftwerk Gösgen,WRI1004272,1035.0,47.3656,7.9680,Nuclear,,,,1979.0,Kernkraftwerk Gösgen-Däniken AG,Swiss Federal Office of Energy,http://api3.geo.admin.ch/rest/services/api/MapServer/ch.bfe.kernkraftwerke/2/extendedHtmlPopup?lang=en,WRI,,,,,,,,,,,,,,,6955.52,NO-ESTIMATION,NO-ESTIMATION,NO-ESTIMATION,NO-ESTIMATION,CAPACITY-FACTOR-V1
CHE,Switzerland,Kernkraftwerk Leibstadt,WRI1004273,1245.0,47.6012,8.1845,Nuclear,,,,1984.0,Kernkraftwerk leibstadt AG,Swiss Federal Office of Energy,http://api3.geo.admin.ch/rest/services/api/MapServer/ch.bfe.kernkraftwerke/4/extendedHtmlPopup?lang=en,GEODB,1020799,,,,,,,,,,,,,,8366.79,NO-ESTIMATION,NO-ESTIMATION,NO-ESTIMATION,NO-ESTIMATION,CAPACITY-FACTOR-V1
CHE,Switzerland,Kernkraftwerk Mühleberg,WRI1004274,390.0,46.9689,7.2684,Nuclear,,,,1972.0,BWK FMB Energie AG,Swiss Federal Office of Energy,http://api3.geo.admin.ch/rest/services/api/MapServer/ch.bfe.kernkraftwerke/1/extendedHtmlPopup?lang=en,WRI,,,,,,,,,,,,,,,2620.92,NO-ESTIMATION,NO-ESTIMATION,NO-ESTIMATION,NO-ESTIMATION,CAPACITY-FACTOR-V1
TWN,Taiwan,Chinshan,WRI1000378,1272.0,25.2861,121.5874,Nuclear,,,,,,IAEA,https://www.iaea.org/pris/,GEODB,,,,,,,,,,,,,,,5475.89,NO-ESTIMATION,NO-ESTIMATION,NO-ESTIMATION,NO-ESTIMATION,CAPACITY-FACTOR-V1
TWN,Taiwan,Kuosheng,WRI1000379,2040.0,25.2025,121.6629,Nuclear,,,,,,IAEA,https://www.iaea.org/pris/,GEODB,1030807,,,,,,,,,,,,,,8782.09,NO-ESTIMATION,NO-ESTIMATION,NO-ESTIMATION,NO-ESTIMATION,CAPACITY-FACTOR-V1
TWN,Taiwan,Maanshan,WRI1000380,1902.0,21.9589,120.7501,Nuclear,,,,,,IAEA,https://www.iaea.org/pris/,GEODB,1030815,,,,,,,,,,,,,,8188.01,NO-ESTIMATION,NO-ESTIMATION,NO-ESTIMATION,NO-ESTIMATION,CAPACITY-FACTOR-V1
UKR,Ukraine,Khmelnytska,WRI1005111,2000.0,50.3024,26.6473,Nuclear,,,,,Energoatom,Energoatom,http://www.energoatom.kiev.ua/en/separated/npp_khmelnytska/,WRI,1017728,,,,,,,,,,,,,,12330.83,NO-ESTIMATION,NO-ESTIMATION,NO-ESTIMATION,NO-ESTIMATION,CAPACITY-FACTOR-V1
UKR,Ukraine,Rivne (Rouno),WRI1005112,2835.0,51.3245,25.8974,Nuclear,,,,,Energoatom,Energoatom,http://www.energoatom.kiev.ua/en/separated/npp_rivne/,GEODB,1017729,,,,,,,,,,,,,,17478.95,NO-ESTIMATION,NO-ESTIMATION,NO-ESTIMATION,NO-ESTIMATION,CAPACITY-FACTOR-V1
UKR,Ukraine,South Ukraine,WRI1005113,3000.0,47.8120,31.2200,Nuclear,,,,,Energoatom,Energoatom,http://www.energoatom.kiev.ua/en/separated/npp_su/,GEODB,1017730,,,,,,,,,,,,,,18496.25,NO-ESTIMATION,NO-ESTIMATION,NO-ESTIMATION,NO-ESTIMATION,CAPACITY-FACTOR-V1
UKR,Ukraine,Zaporozhye,WRI1005114,6000.0,47.5119,34.5863,Nuclear,,,,,Energoatom,Energoatom,http://www.energoatom.kiev.ua/en/separated/npp_zp/,GEODB,1013724,,,,,,,,,,,,,,36992.50,NO-ESTIMATION,NO-ESTIMATION,NO-ESTIMATION,NO-ESTIMATION,CAPACITY-FACTOR-V1
GBR,United Kingdom,Dungeness B,GBR1000052,1050.0,50.9133,0.9640,Nuclear,,,,,British Energy (now part of EDF),Department for Business Energy & Industrial Strategy,https://www.gov.uk/government/collections/digest-of-uk-energy-statistics-dukes,GEODB,1043125,,,,,,,,,,,,,,6938.44,NO-ESTIMATION,NO-ESTIMATION,NO-ESTIMATION,NO-ESTIMATION,CAPACITY-FACTOR-V1
GBR,United Kingdom,Glass Moor 2,GBR0003765,12.0,52.5186,-0.1088,Wind,,,,,EDF/China General Nuclear Power Corporation,UK Renewable Energy Planning Database,https://www.gov.uk/government/collections/renewable-energy-planning-data,UK Renewable Energy Planning Database,,,,,,,,,,,,,,,30.25,NO-ESTIMATION,NO-ESTIMATION,NO-ESTIMATION,NO-ESTIMATION,CAPACITY-FACTOR-V1
GBR,United Kingdom,Green Rigg,GBR0004044,36.0,55.1323,-2.1270,Wind,,,,,EDF/China General Nuclear Power Corporation,UK Renewable Energy Planning Database,https://www.gov.uk/government/collections/renewable-energy-planning-data,UK Renewable Energy Planning Database,1094765,,,,,,,,,,,,,,90.75,NO-ESTIMATION,NO-ESTIMATION,NO-ESTIMATION,NO-ESTIMATION,CAPACITY-FACTOR-V1
GBR,United Kingdom,Hartlepool,GBR1000053,1180.0,54.6341,-1.1801,Nuclear,,,,,British Energy (now part of EDF),Department for Business Energy & Industrial Strategy,https://www.gov.uk/government/collections/digest-of-uk-energy-statistics-dukes,GEODB,1024527,,,,,,,,,,,,,,7797.48,NO-ESTIMATION,NO-ESTIMATION,NO-ESTIMATION,NO-ESTIMATION,CAPACITY-FACTOR-V1
GBR,United Kingdom,Heysham 1,GBR1000054,1155.0,54.0285,-2.9160,Nuclear,,,,,British Energy (now part of EDF),Department for Business Energy & Industrial Strategy,https://www.gov.uk/government/collections/digest-of-uk-energy-statistics-dukes,GEODB,1024528,,,,,,,,,,,,,,7632.28,NO-ESTIMATION,NO-ESTIMATION,NO-ESTIMATION,NO-ESTIMATION,CAPACITY-FACTOR-V1
GBR,United Kingdom,Heysham 2,GBR1000055,1230.0,54.0285,-2.9160,Nuclear,,,,,British Energy (now part of EDF),Department for Business Energy & Industrial Strategy,https://www.gov.uk/government/collections/digest-of-uk-energy-statistics-dukes,GEODB,1043124,,,,,,10498.819,,,JRC-PPDB-OPEN,,,,,8127.89,NO-ESTIMATION,NO-ESTIMATION,NO-ESTIMATION,NO-ESTIMATION,CAPACITY-FACTOR-V1
GBR,United Kingdom,Hinkley Point B,GBR1000056,955.0,51.2085,-3.1334,Nuclear,,,,,British Energy (now part of EDF),Department for Business Energy & Industrial Strategy,https://www.gov.uk/government/collections/digest-of-uk-energy-statistics-dukes,GEODB,1024529,,,,,,,,,,,,,,6310.68,NO-ESTIMATION,NO-ESTIMATION,NO-ESTIMATION,NO-ESTIMATION,CAPACITY-FACTOR-V1
GBR,United Kingdom,Hunterston B,GBR1000057,965.0,55.7204,-4.8964,Nuclear,,,,,British Energy (now part of EDF),Department for Business Energy & Industrial Strategy,https://www.gov.uk/government/collections/digest-of-uk-energy-statistics-dukes,GEODB,1028357,,,,,,,,,,,,,,6376.76,NO-ESTIMATION,NO-ESTIMATION,NO-ESTIMATION,NO-ESTIMATION,CAPACITY-FACTOR-V1
GBR,United Kingdom,Rusholme,GBR0003602,24.0,53.7303,-0.9480,Wind,,,,,EDF/China General Nuclear Power Corporation,UK Renewable Energy Planning Database,https://www.gov.uk/government/collections/renewable-energy-planning-data,UK Renewable Energy Planning Database,1080106,,,,,,,,,,,,,,60.50,NO-ESTIMATION,NO-ESTIMATION,NO-ESTIMATION,NO-ESTIMATION,CAPACITY-FACTOR-V1
GBR,United Kingdom,Sizewell B,GBR1000058,1198.0,52.2145,1.6206,Nuclear,,,,,British Energy (now part of EDF),Department for Business Energy & Industrial Strategy,https://www.gov.uk/government/collections/digest-of-uk-energy-statistics-dukes,GEODB,1024533,,,,7416.812,,,,,JRC-PPDB-OPEN,,,,,7916.43,NO-ESTIMATION,NO-ESTIMATION,NO-ESTIMATION,NO-ESTIMATION,CAPACITY-FACTOR-V1
GBR,United Kingdom,Torness,GBR1000059,1185.0,55.9679,-2.4086,Nuclear,,,,,British Energy (now part of EDF),Department for Business Energy & Industrial Strategy,https://www.gov.uk/government/collections/digest-of-uk-energy-statistics-dukes,GEODB,1028358,,,,,,,,,,,,,,7830.52,NO-ESTIMATION,NO-ESTIMATION,NO-ESTIMATION,NO-ESTIMATION,CAPACITY-FACTOR-V1
USA,United States of America,Arkansas Nuclear One,USA0008055,1845.0,35.3110,-93.2351,Nuclear,,,,1977.5542005420054,Entergy Arkansas LLC,U.S. Energy Information Administration,http://www.eia.gov/electricity/data/browser/,U.S. Energy Information Administration,19599,2019,11945.257000000001,14478.259000000002,13837.794,13421.022,12691.079000000002,12720.818,13574.947,U.S. Energy Information Administration,,,,,14636.91,NO-ESTIMATION,NO-ESTIMATION,NO-ESTIMATION,NO-ESTIMATION,CAPACITY-FACTOR-V1
USA,United States of America,Beaver Valley,USA0006040,1846.8,40.6219,-80.4336,Nuclear,,,,1981.5000000000002,FirstEnergy Nuclear Operating Company,U.S. Energy Information Administration,http://www.eia.gov/electricity/data/browser/,U.S. Energy Information Administration,18797,2019,14779.303,14757.306,14537.772,15219.574,15311.507000000001,14653.456,15456.470000000001,U.S. Energy Information Administration,,,,,14651.19,NO-ESTIMATION,NO-ESTIMATION,NO-ESTIMATION,NO-ESTIMATION,CAPACITY-FACTOR-V1
USA,United States of America,Braidwood Generation Station,USA0006022,2449.8,41.2435,-88.2286,Nuclear,,,,1988.0,Exelon Nuclear,U.S. Energy Information Administration,http://www.eia.gov/electricity/data/browser/,U.S. Energy Information Administration,17147,2019,19661.975,20263.665,19710.011,19849.269,19943.554,19343.459000000003,20251.14,U.S. Energy Information Administration,,,,,19434.96,NO-ESTIMATION,NO-ESTIMATION,NO-ESTIMATION,NO-ESTIMATION,CAPACITY-FACTOR-V1
USA,United States of America,Browns Ferry,USA0000046,3494.0,34.7042,-87.1189,Nuclear,,,,1975.351459645106,Tennessee Valley Authority,U.S. Energy Information Administration,http://www.eia.gov/electricity/data/browser/,U.S. Energy Information Administration,34332,2019,26718.113000000005,26738.300000000003,27669.694,26214.623000000003,27847.879,25397.781000000003,29519.899999999998,U.S. Energy Information Administration,,,,,27718.90,NO-ESTIMATION,NO-ESTIMATION,NO-ESTIMATION,NO-ESTIMATION,CAPACITY-FACTOR-V1
USA,United States of America,Brunswick Nuclear,USA0006014,2003.2,33.9597,-78.0114,Nuclear,,,,1976.0,Duke Energy Progress - (NC),U.S. Energy Information Administration,http://www.eia.gov/electricity/data/browser/,U.S. Energy Information Administration,15608,2019,14455.768,15332.240000000002,15288.581999999999,15388.747,15370.155,14626.967,14716.756000000001,U.S. Energy Information Administration,,,,,15891.96,NO-ESTIMATION,NO-ESTIMATION,NO-ESTIMATION,NO-ESTIMATION,CAPACITY-FACTOR-V1
USA,United States of America,Byron Generating Station,USA0006023,2449.8,42.0742,-89.2819,Nuclear,,,,1986.0000000000002,Exelon Nuclear,U.S. Energy Information Administration,http://www.eia.gov/electricity/data/browser/,U.S. Energy Information Administration,17151,2019,19547.061,19252.381,19471.413,19600.248,19144.044,20051.023,20117.981,U.S. Energy Information Administration,,,,,19434.96,NO-ESTIMATION,NO-ESTIMATION,NO-ESTIMATION,NO-ESTIMATION,CAPACITY-FACTOR-V1
USA,United States of America,Callaway,USA0006153,1235.8,38.7589,-91.7788,Nuclear,,,,1985.0,Union Electric Co - (MO),U.S. Energy Information Administration,http://www.eia.gov/electricity/data/browser/,U.S. Energy Information Administration,35247,2019,8367.103000000001,9276.356,10440.082,9430.179,8304.127,10655.279,9189.863,U.S. Energy Information Administration,,,,,9803.95,NO-ESTIMATION,NO-ESTIMATION,NO-ESTIMATION,NO-ESTIMATION,CAPACITY-FACTOR-V1
USA,United States of America,Calvert Cliffs Nuclear Power Plant,USA0006011,1850.4,38.4344,-76.4417,Nuclear,,,,1976.007782101167,Exelon Nuclear,U.S. Energy Information Administration,http://www.eia.gov/electricity/data/browser/,U.S. Energy Information Administration,13941,2019,14264.305,14343.333999999999,14643.325,14760.177,15106.988000000001,14987.931,15012.922,U.S. Energy Information Administration,,,,,14679.75,NO-ESTIMATION,NO-ESTIMATION,NO-ESTIMATION,NO-ESTIMATION,CAPACITY-FACTOR-V1
USA,United States of America,Catawba,USA0006036,2410.2,35.0514,-81.0694,Nuclear,,,,1985.5,Duke Energy Carolinas  LLC,U.S. Energy Information Administration,http://www.eia.gov/electricity/data/browser/,U.S. Energy Information Administration,18709,2019,19165.965,18711.509,18377.461,19558.264,19706.683,18779.715000000004,19593.607000000004,U.S. Energy Information Administration,,,,,19120.80,NO-ESTIMATION,NO-ESTIMATION,NO-ESTIMATION,NO-ESTIMATION,CAPACITY-FACTOR-V1
USA,United States of America,Clinton Power Station,USA0000204,1138.3,40.1719,-88.8339,Nuclear,,,,1987.0000000000002,Exelon Nuclear,U.S. Energy Information Administration,http://www.eia.gov/electricity/data/browser/,U.S. Energy Information Administration,22851,2019,8195.548,9071.711,8663.837,8914.453,8348.336,8346.686,8363.289,U.S. Energy Information Administration,,,,,9030.46,NO-ESTIMATION,NO-ESTIMATION,NO-ESTIMATION,NO-ESTIMATION,CAPACITY-FACTOR-V1
USA,United States of America,Columbia Generating Station,USA0000371,1200.0,46.4711,-119.3339,Nuclear,,,,1985.0,Energy Northwest,U.S. Energy Information Administration,http://www.eia.gov/electricity/data/browser/,U.S. Energy Information Administration,36343,2019,8460.89,9497.321,8160.912,9625.622,8128.259,9708.441,8866.499,U.S. Energy Information Administration,,,,,9519.94,NO-ESTIMATION,NO-ESTIMATION,NO-ESTIMATION,NO-ESTIMATION,CAPACITY-FACTOR-V1
USA,United States of America,Comanche Peak,USA0006145,2430.0,32.2984,-97.7855,Nuclear,,,,1991.5,Luminant Generation Company LLC,U.S. Energy Information Administration,http://www.eia.gov/electricity/data/browser/,U.S. Energy Information Administration,34461,2019,20487.14,18635.775999999998,19954.124000000003,20385.142,16999.925,20498.107000000004,19304.71,U.S. Energy Information Administration,,,,,19277.88,NO-ESTIMATION,NO-ESTIMATION,NO-ESTIMATION,NO-ESTIMATION,CAPACITY-FACTOR-V1
USA,United States of America,Cooper Nuclear Station,USA0008036,801.0,40.3628,-95.6408,Nuclear,,,,1974.0,Nebraska Public Power District,U.S. Energy Information Administration,http://www.eia.gov/electricity/data/browser/,U.S. Energy Information Administration,27284,2019,6804.022,5917.335,6800.771,5925.356,6912.737,5632.14,6951.6,U.S. Energy Information Administration,,,,,6354.56,NO-ESTIMATION,NO-ESTIMATION,NO-ESTIMATION,NO-ESTIMATION,CAPACITY-FACTOR-V1
USA,United States of America,Davis Besse,USA0006149,925.2,41.5967,-83.0861,Nuclear,,,,1977.0,FirstEnergy Nuclear Operating Company,U.S. Energy Information Administration,http://www.eia.gov/electricity/data/browser/,U.S. Energy Information Administration,34724,2019,7679.828,5829.169,7893.8910000000005,6394.136,7875.4130000000005,7380.271,7837.459,U.S. Energy Information Administration,,,,,7339.87,NO-ESTIMATION,NO-ESTIMATION,NO-ESTIMATION,NO-ESTIMATION,CAPACITY-FACTOR-V1
USA,United States of America,Diablo Canyon,USA0006099,2323.0,35.2115,-120.8555,Nuclear,,,,1985.501076194576,Pacific Gas & Electric Co.,U.S. Energy Information Administration,http://www.eia.gov/electricity/data/browser/,U.S. Energy Information Administration,29376,2019,18012.439,16985.978000000003,18505.385000000002,18907.578,17901.079,18213.519,16165.384000000002,U.S. Energy Information Administration,,,,,18429.02,NO-ESTIMATION,NO-ESTIMATION,NO-ESTIMATION,NO-ESTIMATION,CAPACITY-FACTOR-V1
USA,United States of America,Donald C Cook,USA0006000,2285.3,41.9756,-86.5652,Nuclear,,,,1976.4877259003194,Indiana Michigan Power Co,U.S. Energy Information Administration,http://www.eia.gov/electricity/data/browser/,U.S. Energy Information Administration,,2019,16280.165,17630.792,15684.720000000001,15359.763,17592.001,17610.811999999998,16157.848000000002,U.S. Energy Information Administration,,,,,18129.94,NO-ESTIMATION,NO-ESTIMATION,NO-ESTIMATION,NO-ESTIMATION,CAPACITY-FACTOR-V1
USA,United States of America,Dresden Generating Station,USA0000869,2018.6,41.3900,-88.2700,Nuclear,,,,1970.5,Exelon Nuclear,U.S. Energy Information Administration,http://www.eia.gov/electricity/data/browser/,U.S. Energy Information Administration,17159,2019,15412.472,15128.939999999999,15188.358,15443.893,15444.882,15538.135,15081.715,U.S. Energy Information Administration,,,,,16014.13,NO-ESTIMATION,NO-ESTIMATION,NO-ESTIMATION,NO-ESTIMATION,CAPACITY-FACTOR-V1
USA,United States of America,Duane Arnold Energy Center,USA0001060,679.5,42.1011,-91.7781,Nuclear,,,,1975.0,NextEra Energy Duane Arnold LLC,U.S. Energy Information Administration,http://www.eia.gov/electricity/data/browser/,U.S. Energy Information Administration,22803,2019,5320.785,4152.468,5243.446,4702.665,5213.509,4895.399,5235.716,U.S. Energy Information Administration,,,,,5390.66,NO-ESTIMATION,NO-ESTIMATION,NO-ESTIMATION,NO-ESTIMATION,CAPACITY-FACTOR-V1
USA,United States of America,Edwin I Hatch,USA0006051,1848.0,31.9342,-82.3447,Nuclear,,,,1977.5,Georgia Power Co,U.S. Energy Information Administration,http://www.eia.gov/electricity/data/browser/,U.S. Energy Information Administration,20981,2019,13823.828000000001,14509.992000000002,14497.254,14620.433,14530.942000000001,14403.55,13916.881000000001,U.S. Energy Information Administration,,,,,14660.71,NO-ESTIMATION,NO-ESTIMATION,NO-ESTIMATION,NO-ESTIMATION,CAPACITY-FACTOR-V1
USA,United States of America,Fermi,USA0001729,1281.0,41.9631,-83.2581,Nuclear,Oil,,,1986.9008587041374,DTE Electric Company,U.S. Energy Information Administration,http://www.eia.gov/electricity/data/browser/,U.S. Energy Information Administration,18385,2019,6599.55,7793.433,7331.529,9151.421,8696.461,7420.89602,9886.149,U.S. Energy Information Administration,,,,,10162.54,NO-ESTIMATION,NO-ESTIMATION,NO-ESTIMATION,NO-ESTIMATION,CAPACITY-FACTOR-V1
USA,United States of America,Grand Gulf,USA0006072,1440.0,32.0081,-91.0478,Nuclear,,,,1985.0,System Energy Resources  Inc,U.S. Energy Information Administration,http://www.eia.gov/electricity/data/browser/,U.S. Energy Information Administration,19600,2019,10864.509,10252.183,11714.588,5897.272,7364.648,6919.47,11032.514000000001,U.S. Energy Information Administration,,,,,11423.93,NO-ESTIMATION,NO-ESTIMATION,NO-ESTIMATION,NO-ESTIMATION,CAPACITY-FACTOR-V1
USA,United States of America,H B Robinson,USA0003251,768.6,34.4017,-80.1589,Nuclear,,,,1971.0,Duke Energy Progress - (NC),U.S. Energy Information Administration,http://www.eia.gov/electricity/data/browser/,U.S. Energy Information Administration,15620,2019,5692.987,5597.462,5723.722,0.0,0.0,0.0,6376.319,U.S. Energy Information Administration,,,,,6097.52,NO-ESTIMATION,NO-ESTIMATION,NO-ESTIMATION,NO-ESTIMATION,CAPACITY-FACTOR-V1
USA,United States of America,Harris,USA0006015,950.9,35.6334,-78.9556,Nuclear,,,,1987.0,Duke Energy Progress - (NC),U.S. Energy Information Administration,http://www.eia.gov/electricity/data/browser/,U.S. Energy Information Administration,15613,2019,6888.363,8048.575,7272.177000000001,7513.051,8208.573,7587.914,7610.594,U.S. Energy Information Administration,,,,,7543.76,NO-ESTIMATION,NO-ESTIMATION,NO-ESTIMATION,NO-ESTIMATION,CAPACITY-FACTOR-V1
USA,United States of America,Indian Point 2,USA0002497,1299.0,41.2706,-73.9527,Nuclear,,,,1973.0,Entergy Nuclear Indian Point 2,U.S. Energy Information Administration,http://www.eia.gov/electricity/data/browser/,U.S. Energy Information Administration,27570,2019,8784.643,8330.556,8811.875,6050.001,8350.154,8018.479,8351.945,U.S. Energy Information Administration,,,,,10305.33,NO-ESTIMATION,NO-ESTIMATION,NO-ESTIMATION,NO-ESTIMATION,CAPACITY-FACTOR-V1
USA,United States of America,Indian Point 3,USA0008907,1012.0,41.2706,-73.9526,Nuclear,,,,1976.0,Entergy Nuclear Indian Point 3,U.S. Energy Information Administration,http://www.eia.gov/electricity/data/browser/,U.S. Energy Information Administration,27570,2019,8291.512,8977.699,7609.292,9076.168,6952.476000000001,8300.481,8342.898000000001,U.S. Energy Information Administration,,,,,8028.48,NO-ESTIMATION,NO-ESTIMATION,NO-ESTIMATION,NO-ESTIMATION,CAPACITY-FACTOR-V1
USA,United States of America,James A Fitzpatrick,USA0006110,883.3,43.5214,-76.4084,Nuclear,,,,1976.0,Exelon Nuclear,U.S. Energy Information Administration,http://www.eia.gov/electricity/data/browser/,U.S. Energy Information Administration,27566,2019,6839.822,5828.694,7382.237,5874.126,6174.224,6527.781,7355.106,U.S. Energy Information Administration,,,,,7007.47,NO-ESTIMATION,NO-ESTIMATION,NO-ESTIMATION,NO-ESTIMATION,CAPACITY-FACTOR-V1
USA,United States of America,Joseph M Farley,USA0006001,1776.4,31.2231,-85.1116,Nuclear,,,,1979.5,Alabama Power Co,U.S. Energy Information Administration,http://www.eia.gov/electricity/data/browser/,U.S. Energy Information Administration,33231,2019,14098.022,14505.389,14281.688,13687.256000000001,14804.094000000001,14065.046,14136.962,U.S. Energy Information Administration,,,,,14092.69,NO-ESTIMATION,NO-ESTIMATION,NO-ESTIMATION,NO-ESTIMATION,CAPACITY-FACTOR-V1
USA,United States of America,LaSalle Generating Station,USA0006026,2340.0,41.2455,-88.6691,Nuclear,,,,1984.0,Exelon Nuclear,U.S. Energy Information Administration,http://www.eia.gov/electricity/data/browser/,U.S. Energy Information Administration,,2019,18760.161,18754.699,18686.369,19144.08,18908.459000000003,19345.766000000003,19435.255,U.S. Energy Information Administration,,,,,18563.89,NO-ESTIMATION,NO-ESTIMATION,NO-ESTIMATION,NO-ESTIMATION,CAPACITY-FACTOR-V1
USA,United States of America,Limerick,USA0006105,2277.0,40.2243,-75.5874,Nuclear,,,,1988.0,Exelon Nuclear,U.S. Energy Information Administration,http://www.eia.gov/electricity/data/browser/,U.S. Energy Information Administration,29831,2019,19542.065000000002,19077.244,18931.377,19395.375,18552.957000000002,19338.626,19345.594,U.S. Energy Information Administration,,,,,18064.09,NO-ESTIMATION,NO-ESTIMATION,NO-ESTIMATION,NO-ESTIMATION,CAPACITY-FACTOR-V1
USA,United States of America,McGuire,USA0006038,2440.6,35.4331,-80.9486,Nuclear,,,,1982.5,Duke Energy Carolinas  LLC,U.S. Energy Information Administration,http://www.eia.gov/electricity/data/browser/,U.S. Energy Information Administration,18730,2019,18897.606,17586.205,19536.002,19884.289,18795.536,19862.068,19588.255,U.S. Energy Information Administration,,,,,19361.98,NO-ESTIMATION,NO-ESTIMATION,NO-ESTIMATION,NO-ESTIMATION,CAPACITY-FACTOR-V1
USA,United States of America,Millstone,USA0000566,2162.9,41.3107,-72.1677,Nuclear,,,,1981.793148088215,Dominion Energy Nuclear Conn Inc,U.S. Energy Information Administration,http://www.eia.gov/electricity/data/browser/,U.S. Energy Information Administration,28195,2019,17079.582,15840.618999999999,17410.917,16575.492,16499.621,16881.492000000002,16733.398,U.S. Energy Information Administration,,,,,17158.90,NO-ESTIMATION,NO-ESTIMATION,NO-ESTIMATION,NO-ESTIMATION,CAPACITY-FACTOR-V1
USA,United States of America,Monticello Nuclear Facility,USA0001922,685.0,45.3338,-93.8493,Nuclear,,,,1971.0,Northern States Power Co - Minnesota,U.S. Energy Information Administration,http://www.eia.gov/electricity/data/browser/,U.S. Energy Information Administration,28270,2019,2993.574,4323.966,4663.895,5597.758,5159.62,5618.024,4964.575,U.S. Energy Information Administration,,,,,5434.30,NO-ESTIMATION,NO-ESTIMATION,NO-ESTIMATION,NO-ESTIMATION,CAPACITY-FACTOR-V1
USA,United States of America,Nine Mile Point Nuclear Station,USA0002589,1901.1,43.5211,-76.4100,Nuclear,,,,1981.260901583294,Exelon Nuclear,U.S. Energy Information Administration,http://www.eia.gov/electricity/data/browser/,U.S. Energy Information Administration,27841,2019,15846.333,15239.18,15998.076000000001,15500.372000000001,15992.880000000001,15382.83,15821.376,U.S. Energy Information Administration,,,,,15081.97,NO-ESTIMATION,NO-ESTIMATION,NO-ESTIMATION,NO-ESTIMATION,CAPACITY-FACTOR-V1
USA,United States of America,North Anna,USA0006168,1960.4,38.0600,-77.7897,Nuclear,Hydro,,,1979.5043358498267,Virginia Electric & Power Co,U.S. Energy Information Administration,http://www.eia.gov/electricity/data/browser/,U.S. Energy Information Administration,36107,2019,15005.273000000001,15891.448,16274.264,15125.365000000002,16128.643,16034.822,15325.055,U.S. Energy Information Administration,,,,,15552.41,NO-ESTIMATION,NO-ESTIMATION,NO-ESTIMATION,NO-ESTIMATION,CAPACITY-FACTOR-V1
USA,United States of America,Oconee,USA0003265,2666.7,34.7939,-82.8986,Nuclear,,,,1974.002474969063,Duke Energy Carolinas  LLC,U.S. Energy Information Administration,http://www.eia.gov/electricity/data/browser/,U.S. Energy Information Administration,18733,2019,21021.244,21193.381,21939.74,21177.103,21798.744,21294.245,21884.681,U.S. Energy Information Administration,,,,,21155.69,NO-ESTIMATION,NO-ESTIMATION,NO-ESTIMATION,NO-ESTIMATION,CAPACITY-FACTOR-V1
USA,United States of America,PSEG Hope Creek Generating Station,USA0006118,1290.7,39.4666,-75.5377,Nuclear,,,,1986.9999999999998,PSEG Nuclear LLC,U.S. Energy Information Administration,http://www.eia.gov/electricity/data/browser/,U.S. Energy Information Administration,30878,2019,9070.386,10373.816,9409.357,9603.443,10627.333,9546.684000000001,8726.946,U.S. Energy Information Administration,,,,,10239.49,NO-ESTIMATION,NO-ESTIMATION,NO-ESTIMATION,NO-ESTIMATION,CAPACITY-FACTOR-V1
USA,United States of America,PSEG Salem Generating Station,USA0002410,2381.8,39.4625,-75.5358,Nuclear,Oil,,,1978.8596019816944,PSEG Nuclear LLC,U.S. Energy Information Administration,http://www.eia.gov/electricity/data/browser/,U.S. Energy Information Administration,30889,2019,19208.221999999998,16283.135,18593.629,15696.636000000002,17975.166,18895.042,17910.262000000002,U.S. Energy Information Administration,,,,,18895.50,NO-ESTIMATION,NO-ESTIMATION,NO-ESTIMATION,NO-ESTIMATION,CAPACITY-FACTOR-V1
USA,United States of America,Palisades,USA0001715,811.8,42.3230,-86.3146,Nuclear,,,,1972.0,Entergy Nuclear Palisades LLC,U.S. Energy Information Administration,http://www.eia.gov/electricity/data/browser/,U.S. Energy Information Administration,17535,2019,6041.696,5822.926,6318.52,7045.1810000000005,6097.496,5455.9400000000005,6865.167,U.S. Energy Information Administration,,,,,6440.24,NO-ESTIMATION,NO-ESTIMATION,NO-ESTIMATION,NO-ESTIMATION,CAPACITY-FACTOR-V1
USA,United States of America,Palo Verde,USA0006008,4209.6,33.3881,-112.8617,Nuclear,,,,1986.6666666666665,Arizona Public Service Co,U.S. Energy Information Administration,http://www.eia.gov/electricity/data/browser/,U.S. Energy Information Administration,13496,2019,31431.08,32320.917,32525.595,32377.477,32340.138,31097.259000000002,31920.368000000002,U.S. Energy Information Administration,,,,,33395.96,NO-ESTIMATION,NO-ESTIMATION,NO-ESTIMATION,NO-ESTIMATION,CAPACITY-FACTOR-V1
USA,United States of America,Peach Bottom,USA0003166,2876.4,39.7589,-76.2687,Nuclear,,,,1974.478723404255,Exelon Nuclear,U.S. Energy Information Administration,http://www.eia.gov/electricity/data/browser/,U.S. Energy Information Administration,29834,2019,18834.532,18771.169,19858.302,21875.434999999998,21722.543,21680.116,22294.385000000002,U.S. Energy Information Administration,,,,,22819.30,NO-ESTIMATION,NO-ESTIMATION,NO-ESTIMATION,NO-ESTIMATION,CAPACITY-FACTOR-V1
USA,United States of America,Perry,USA0006020,1311.6,41.8006,-81.1439,Nuclear,,,,1987.0,FirstEnergy Nuclear Operating Company,U.S. Energy Information Administration,http://www.eia.gov/electricity/data/browser/,U.S. Energy Information Administration,16728,2019,8441.422,10455.271,9482.845,10423.25,9812.376,10934.736,9173.102,U.S. Energy Information Administration,,,,,10405.29,NO-ESTIMATION,NO-ESTIMATION,NO-ESTIMATION,NO-ESTIMATION,CAPACITY-FACTOR-V1
USA,United States of America,Point Beach Nuclear Plant,USA0004046,1311.0,44.2806,-87.5369,Nuclear,Oil,,,1971.4523264683448,NextEra Energy Point Beach LLC,U.S. Energy Information Administration,http://www.eia.gov/electricity/data/browser/,U.S. Energy Information Administration,37201,2019,9941.94642,9447.148000000001,10008.039,10151.411,9648.847999999998,10128.796,10029.974,U.S. Energy Information Administration,,,,,10400.53,NO-ESTIMATION,NO-ESTIMATION,NO-ESTIMATION,NO-ESTIMATION,CAPACITY-FACTOR-V1
USA,United States of America,Prairie Island,USA0001925,1186.2,44.6220,-92.6333,Nuclear,,,,1974.0000000000002,Northern States Power Co - Minnesota,U.S. Energy Information Administration,http://www.eia.gov/electricity/data/browser/,U.S. Energy Information Administration,28280,2019,7714.143,8383.2,7374.711,8263.058,8744.731,8983.305,9139.972,U.S. Energy Information Administration,,,,,9410.46,NO-ESTIMATION,NO-ESTIMATION,NO-ESTIMATION,NO-ESTIMATION,CAPACITY-FACTOR-V1
USA,United States of America,Quad Cities Generating Station,USA0000880,2018.6,41.7261,-90.3103,Nuclear,,,,1973.0,Exelon Nuclear,U.S. Energy Information Administration,http://www.eia.gov/electricity/data/browser/,U.S. Energy Information Administration,17174,2019,15554.219000000001,15386.504,15562.151000000002,15655.095000000001,15401.867,15476.458,15486.108,U.S. Energy Information Administration,,,,,16014.13,NO-ESTIMATION,NO-ESTIMATION,NO-ESTIMATION,NO-ESTIMATION,CAPACITY-FACTOR-V1
USA,United States of America,R E Ginna Nuclear Power Plant,USA0006122,614.0,43.2777,-77.3099,Nuclear,,,,1970.0,Exelon Nuclear,U.S. Energy Information Administration,http://www.eia.gov/electricity/data/browser/,U.S. Energy Information Administration,31588,2019,4993.296,4662.495,4801.3910000000005,5070.323,4697.675,4689.4400000000005,4993.693,U.S. Energy Information Administration,,,,,4871.03,NO-ESTIMATION,NO-ESTIMATION,NO-ESTIMATION,NO-ESTIMATION,CAPACITY-FACTOR-V1
USA,United States of America,River Bend,USA0006462,1035.9,30.7570,-91.3327,Nuclear,,,,1986.0,Entergy Louisiana LLC,U.S. Energy Information Administration,http://www.eia.gov/electricity/data/browser/,U.S. Energy Information Administration,19601,2019,7586.643,8154.994000000001,6915.995,7055.069,7032.282,6999.996,6420.933,U.S. Energy Information Administration,,,,,8218.09,NO-ESTIMATION,NO-ESTIMATION,NO-ESTIMATION,NO-ESTIMATION,CAPACITY-FACTOR-V1
USA,United States of America,Seabrook,USA0006115,1242.0,42.8992,-70.8489,Nuclear,,,,1990.0,NextEra Energy Seabrook LLC,U.S. Energy Information Administration,http://www.eia.gov/electricity/data/browser/,U.S. Energy Information Administration,28093,2019,10926.725,10168.265,9484.204,10761.163,9990.704,10061.696,10906.923,U.S. Energy Information Administration,,,,,9853.14,NO-ESTIMATION,NO-ESTIMATION,NO-ESTIMATION,NO-ESTIMATION,CAPACITY-FACTOR-V1
USA,United States of America,Sequoyah,USA0006152,2441.0,35.2267,-85.0917,Nuclear,,,,1981.5,Tennessee Valley Authority,U.S. Energy Information Administration,http://www.eia.gov/electricity/data/browser/,U.S. Energy Information Administration,34367,2019,18526.011,18892.391,16511.322,17242.608,18241.299,17703.749,18064.619,U.S. Energy Information Administration,,,,,19365.15,NO-ESTIMATION,NO-ESTIMATION,NO-ESTIMATION,NO-ESTIMATION,CAPACITY-FACTOR-V1
USA,United States of America,South Texas Project,USA0006251,2708.6,28.7950,-96.0481,Nuclear,,,,1988.5,STP Nuclear Operating Co,U.S. Energy Information Administration,http://www.eia.gov/electricity/data/browser/,U.S. Energy Information Administration,22406,2019,17827.856,20651.667,19400.553,21694.303,21581.476000000002,20687.631999999998,21993.297,U.S. Energy Information Administration,,,,,21488.10,NO-ESTIMATION,NO-ESTIMATION,NO-ESTIMATION,NO-ESTIMATION,CAPACITY-FACTOR-V1
USA,United States of America,St Lucie,USA0006045,2160.0,27.3486,-80.2464,Nuclear,,,,1979.5,Florida Power & Light Co,U.S. Energy Information Administration,http://www.eia.gov/electricity/data/browser/,U.S. Energy Information Administration,20281,2019,15619.911,15817.574,15075.264,15586.562000000002,16427.920000000002,15562.581000000002,14965.628,U.S. Energy Information Administration,,,,,17135.89,NO-ESTIMATION,NO-ESTIMATION,NO-ESTIMATION,NO-ESTIMATION,CAPACITY-FACTOR-V1
USA,United States of America,Surry,USA0003806,1695.0,37.1661,-76.6986,Nuclear,,,,1973.0,Virginia Electric & Power Co,U.S. Energy Information Administration,http://www.eia.gov/electricity/data/browser/,U.S. Energy Information Administration,36113,2019,14320.958,14332.325,11789.726,14610.518,14427.647,13219.137,14172.977,U.S. Energy Information Administration,,,,,13446.92,NO-ESTIMATION,NO-ESTIMATION,NO-ESTIMATION,NO-ESTIMATION,CAPACITY-FACTOR-V1
USA,United States of America,TalenEnergy Susquehanna,USA0006103,2532.0,41.0919,-76.1462,Nuclear,,,,1984.0,TalenEnergy Susquehanna LLC,U.S. Energy Information Administration,http://www.eia.gov/electricity/data/browser/,U.S. Energy Information Administration,29956,2019,18899.063000000002,18781.295,20591.260000000002,19350.975,20752.565000000002,20468.722,20919.007,U.S. Energy Information Administration,,,,,20087.08,NO-ESTIMATION,NO-ESTIMATION,NO-ESTIMATION,NO-ESTIMATION,CAPACITY-FACTOR-V1
USA,United States of America,Turkey Point,USA0000621,2861.2,25.4356,-80.3308,Nuclear,Oil,Gas,,1987.5449461764294,Florida Power & Light Co,U.S. Energy Information Administration,http://www.eia.gov/electricity/data/browser/,U.S. Energy Information Administration,20282|20284,2019,17871.732957999997,18371.295983,20337.856061,20506.629986,18022.696956,19812.429994000002,19270.169995,U.S. Energy Information Administration,,,,,22698.72,NO-ESTIMATION,NO-ESTIMATION,NO-ESTIMATION,NO-ESTIMATION,CAPACITY-FACTOR-V1
USA,United States of America,V C Summer,USA0006127,1029.6,34.2983,-81.3153,Nuclear,,,,1984.0,Dominion Energy South Carolina  Inc,U.S. Energy Information Administration,http://www.eia.gov/electricity/data/browser/,U.S. Energy Information Administration,32993,2019,8370.156,6916.201,7115.397,8658.361,6913.294,7366.3910000000005,8248.436,U.S. Energy Information Administration,,,,,8168.11,NO-ESTIMATION,NO-ESTIMATION,NO-ESTIMATION,NO-ESTIMATION,CAPACITY-FACTOR-V1
USA,United States of America,Vogtle,USA0000649,2430.0,33.1427,-81.7625,Nuclear,,,,1988.0,Georgia Power Co,U.S. Energy Information Administration,http://www.eia.gov/electricity/data/browser/,U.S. Energy Information Administration,21007,2019,19078.953,18060.190000000002,19341.208,19860.229,19177.863,19959.126,19674.300000000003,U.S. Energy Information Administration,,,,,19277.88,NO-ESTIMATION,NO-ESTIMATION,NO-ESTIMATION,NO-ESTIMATION,CAPACITY-FACTOR-V1
USA,United States of America,Waterford 3,USA0004270,1199.8,29.9953,-90.4716,Nuclear,,,,1985.0,Entergy Louisiana LLC,U.S. Energy Information Administration,http://www.eia.gov/electricity/data/browser/,U.S. Energy Information Administration,25138,2019,9367.751,9156.336,8384.741,10096.757,8377.463,10152.586,7560.402,U.S. Energy Information Administration,,,,,9518.35,NO-ESTIMATION,NO-ESTIMATION,NO-ESTIMATION,NO-ESTIMATION,CAPACITY-FACTOR-V1
USA,United States of America,Watts Bar Nuclear Plant,USA0007722,2539.8,35.6021,-84.7895,Nuclear,,,,2006.0000000000002,Tennessee Valley Authority,U.S. Energy Information Administration,http://www.eia.gov/electricity/data/browser/,U.S. Energy Information Administration,34375,2019,9967.803,8777.615,8449.15,12335.478,13576.203,18472.633,17655.786,U.S. Energy Information Administration,,,,,20148.96,NO-ESTIMATION,NO-ESTIMATION,NO-ESTIMATION,NO-ESTIMATION,CAPACITY-FACTOR-V1
USA,United States of America,Wolf Creek Generating Station,USA0000210,1267.7,38.2393,-95.6898,Nuclear,,,,1985.0,Wolf Creek Nuclear Optg Corp,U.S. Energy Information Administration,http://www.eia.gov/electricity/data/browser/,U.S. Energy Information Administration,37294,2019,7168.301,8558.384,8630.178,8246.042,10647.987000000001,9168.289,9247.734,U.S. Energy Information Administration,,,,,10057.02,NO-ESTIMATION,NO-ESTIMATION,NO-ESTIMATION,NO-ESTIMATION,CAPACITY-FACTOR-V1
